product_description,base_product_number,product_line,production_cost,product_image,product_type,color,gross_margin,product_line_code,product_name,introduction_date,title,product_type_code,product_size,brand,discontinued_date,product_brand_code,product_size_code,product_color_code,product_number
"The Venue has a fun and fashionable oversized watch face, with a bright colored synthetic leather strap.",125,Personal Accessories,0.00,P65PA3WT10.jpg,Watches,Red,0.0,993,Venue,2005-04-01 00:00:00.0,Venue,960,One-size,Relax,,756,853,922,125150
"Lightweight, collapsible bag to carry liquids easily.  Wide mouth for easy filling.  Holds 10 liters.",1,Camping Equipment,4.00,P01CE1CG1.jpg,Cooking Gear,Clear,0.33,991,TrailChef Water Bag,1995-02-15 00:00:00.0,TrailChef Water Bag,951,10 liters,TrailChef,,701,808,908,1110
"Aluminum canteen. Rugged fleece-lined cover with belt clips, removable shoulder sling and small pocket for water purification tablets bottle. Holds 2 liters",2,Camping Equipment,9.22,P02CE1CG1.jpg,Cooking Gear,Brown,0.23,991,TrailChef Canteen,1995-02-15 00:00:00.0,TrailChef Canteen,951,2 liters,TrailChef,,701,807,906,2110
"Zippered nylon pouch contains cutlery for two, can opener, wire whisk, scrubber sponge, 2  60 ml squirt bottles, pancake turner and salt and pepper shaker.  Measures 10 x 22 x 5 cm.",3,Camping Equipment,15.93,P03CE1CG1.jpg,Cooking Gear,Unspecified,0.28,991,TrailChef Kitchen Kit,1995-02-15 00:00:00.0,TrailChef Kitchen Kit,951,15-piece,TrailChef,,701,825,924,3110
Tin cup. Holds 0.4 liters. Weight: 60 g,4,Camping Equipment,5.00,P04CE1CG1.jpg,Cooking Gear,Silver,0.28,991,TrailChef Cup,1995-02-15 00:00:00.0,TrailChef Cup,951,330 ml,TrailChef,,701,804,923,4110
All you will ever need on the trail.  Pot gripper and nylon carrying bag included.  1.5 and 2 liter pots with individual lids. Weight: 750 g.,5,Camping Equipment,34.97,P05CE1CG1.jpg,Cooking Gear,Silver,0.3,991,TrailChef Cook Set,1995-02-15 00:00:00.0,TrailChef Cook Set,951,6-piece,TrailChef,,701,823,923,5110
"Cascade set features 1, 2, and 3 liter pots with individual lids that double as fry pans or plates. Pot gripper and nylon carrying bag included.  Weight: 1.4 kg.",6,Camping Equipment,85.11,P06CE1CG1.jpg,Cooking Gear,Silver,0.28,991,TrailChef Deluxe Cook Set,1997-03-05 00:00:00.0,TrailChef Deluxe Cook Set,951,9-piece,TrailChef,,701,824,923,6110
"A single burner stove with integral tank.  It features precise flame control so you will never have to settle for burnt camp food again.  Weight 624 g, fuel is white gas.",7,Camping Equipment,46.38,P07CE1CG1.jpg,Cooking Gear,Silver,0.28,991,TrailChef Single Flame,1995-02-15 00:00:00.0,TrailChef Single Flame,951,Single-burner,TrailChef,,701,845,923,7110
"The TrailChef Double Flame is a camp stove which attaches directly to fuel canisters. Features precise flame control and a built-in windscreen.  Weight is 850 g, fuel is propane.",8,Camping Equipment,75.00,P08CE1CG1.jpg,Cooking Gear,Green,0.41,991,TrailChef Double Flame,1997-03-05 00:00:00.0,TrailChef Double Flame,951,Double-burner,TrailChef,,701,846,912,8110
"This old-fashioned style kettle is made of durable enamel.  Weight: 350g, Holds 1.5 liters.",9,Camping Equipment,9.00,P09CE1CG1.jpg,Cooking Gear,Ash,0.25,991,TrailChef Kettle,1997-03-05 00:00:00.0,TrailChef Kettle,951,1.5 liters,TrailChef,,701,806,900,9110
"Spoon, fork and knife set made of a light yet strong metal alloy.  Carrying pouch included.",10,Camping Equipment,10.00,P10CE1CG1.jpg,Cooking Gear,Silver,0.4,991,TrailChef Utensils,1995-02-15 00:00:00.0,TrailChef Utensils,951,4-piece,TrailChef,,701,822,923,10110
"A perfect tent for biking and hiking trips, compact and very light.  Features three shock cord aluminum poles, and three large mesh windows.  Packed size: 15 x 40 cm. Weight: 0.5 kg.",11,Camping Equipment,250.00,P11CE1TN2.jpg,Tents,Beige,0.28,991,Star Lite,1995-02-15 00:00:00.0,Star Lite,952,Two-person,Star,,702,842,901,11110
"Four pole geodesic dome mountain tent that comfortably fits two to three people. 10 mm aluminum poles, mesh pole sleeves and taped seams.  Packed size: 22 x 63 cm. Weight: 4.8 kg.",12,Camping Equipment,473.07,P12CE1TN2.jpg,Tents,Red,0.23,991,Star Dome,1997-03-05 00:00:00.0,Star Dome,952,Three-person,Star,,702,843,922,12110
The Star Gazer 2 is the Great Outdoor's most versatile tent.  It is a large two-person tent that is both durable and light weight.  Packed size: 18 x 70 cm. Weight: 2.6 kg.,13,Camping Equipment,392.57,P13CE1TN2.jpg,Tents,Light Blue,0.25,991,Star Gazer 2,1995-02-15 00:00:00.0,Star Gazer 2,952,Two-person,Star,,702,842,915,13110
"The Star Gazer 3 features a water proof fly, mesh window and two doors for good ventilation.  Packed size: 20 x 70 cm. Weight: 5.3 kg.",14,Camping Equipment,476.00,P14CE1TN2.jpg,Tents,Red,0.2,991,Star Gazer 3,1997-03-05 00:00:00.0,Star Gazer 3,952,Three-person,Star,,702,843,922,14110
"Massive cabin tent has ample room for six people. Mesh door and vent, T-style door.  Four side windows with storm flaps and three carry bags for tent and poles.",15,Camping Equipment,490.00,P15CE1TN2.jpg,Tents,Blue,0.33,991,Star Gazer 6,1997-03-05 00:00:00.0,Star Gazer 6,952,Six-person,Star,,702,844,903,15110
"A single tent peg made of heavy-duty plated steel. Long enough even for hard, rocky ground. Length: 25 cm",16,Camping Equipment,1.00,P16CE1TN2.jpg,Tents,Silver,0.5,991,Star Peg,1997-03-05 00:00:00.0,Star Peg,952,25 cm,Star,,702,815,923,16110
The Hibernator Lite is the perfect summer sleeping bag.  Light weight and comfortable down to 10°C.  The rectangular shape allows for easy pairing.  Weight with stuff sack: 1.0 kg.,17,Camping Equipment,60.00,P17CE1SB3.jpg,Sleeping Bags,Light Blue,0.28,991,Hibernator Lite,1997-03-05 00:00:00.0,Hibernator Lite,953,195 cm,Hibernator,,704,820,915,17110
The Hibernator is a three-season sleeping bag. The rectangular shape allows for easy pairing. Nylon shell material.  8 cm loft.  Comfortable down to 0°C.  One size fits up to 195 cm.,18,Camping Equipment,86.00,P17CE1SB3.jpg,Sleeping Bags,Light Blue,0.33,991,Hibernator,1995-02-15 00:00:00.0,Hibernator,953,195 cm,Hibernator,,704,820,915,18110
"The Hibernator Extreme has all the features you need for four-season comfort.  Comfortable from -18° to 9°C. Silk comfort lining, nylon shell. Fits users to 195 cm, stuff sack included.",19,Camping Equipment,150.00,P19CE1SB3.jpg,Sleeping Bags,Dark Blue,0.37,991,Hibernator Extreme,2000-10-26 00:00:00.0,Hibernator Extreme,953,195 cm,Extreme,,706,820,909,19110
Mattress is made of extra-thick foam. Mesh stuff sack included for easy carrying and storage. Repair kit included.,20,Camping Equipment,78.55,P20CE1SB3.jpg,Sleeping Bags,Blue,0.28,991,Hibernator Self - Inflating Mat,1997-03-05 00:00:00.0,Hibernator Self - Inflating Mat,953,195 cm,Hibernator,,704,820,903,20110
Warms up quickly for snow camping comfort. The Hibernator Pad will resist cracking in temperatures as low as -30°C.,21,Camping Equipment,29.17,P21CE1SB3.jpg,Sleeping Bags,Grey,0.17,991,Hibernator Pad,1995-02-15 00:00:00.0,Hibernator Pad,953,195 cm,Hibernator,,704,820,913,21110
"Camp pillow is filled with soft, luxurious fibers for maximum compactness and resiliency. Covered with soft cotton on one side and soft flannel on the other.",22,Camping Equipment,10.00,P22CE1SB3.jpg,Sleeping Bags,Purple,0.33,991,Hibernator Pillow,1995-02-15 00:00:00.0,Hibernator Pillow,953,Unspecified,Hibernator,,704,800,921,22110
Aluminum frame camp cot that is lightweight and durable.  Size: 100 x 225 x 50 cm.  Weight: 7 kg.,23,Camping Equipment,65.33,P23CE1SB3.jpg,Sleeping Bags,Brown,0.33,991,Hibernator Camp Cot,1997-03-05 00:00:00.0,Hibernator Camp Cot,953,225 cm,Hibernator,,704,821,906,23110
"This pack is perfect for day trips and short hikes. Also great for students.  Separate front compartment, multi-layered interior organizer, 2 cm waist belt, 32,000 cu. cm.",24,Camping Equipment,62.50,P24CE1PK4.jpg,Packs,Red,0.17,991,Canyon Mule Climber Backpack,1997-03-05 00:00:00.0,Canyon Mule Climber Backpack,954,32000 cc,Canyon Mule,,707,828,922,24110
"A weekend getaway requires this pack.  It features a large front compression pocket, harness and waist belt, foam molded back panel, vinyl covered gear loops.  50,000 cu. cm.",25,Camping Equipment,166.66,P25CE1PK4.jpg,Packs,Blue,0.33,991,Canyon Mule Weekender Backpack,1995-02-15 00:00:00.0,Canyon Mule Weekender Backpack,954,50000 cc,Canyon Mule,,707,829,903,25110
"Set of three packs: handlebar pack, front pack and rear pack.  Designed to fit most mountain bikes.  Includes mounting hardware.  Total volume: 66,000 cu. cm.",26,Camping Equipment,213.33,P26CE1PK4.jpg,Packs,Black,0.33,991,Canyon Mule Journey Backpack,1995-02-15 00:00:00.0,Canyon Mule Journey Backpack,954,66000 cc,Canyon Mule,,707,830,902,26110
"Perfect for long back country trips, this pack features an expandable front pocket, includes a large sleeping bag compartment, padded shoulder harness, back and waist belt. 90,000 cu. cm.",27,Camping Equipment,238.88,P27CE1PK4.jpg,Packs,Blue,0.43,991,Canyon Mule Extreme Backpack,1997-03-05 00:00:00.0,Canyon Mule Extreme Backpack,954,90000 cc,Extreme,,706,831,903,27110
"A durable plastic cooler with hinged top, perfect for storing small items. Size:100 x 50 x 50 cm.",28,Camping Equipment,24.00,P28CE1PK4.jpg,Packs,Blue,0.2,991,Canyon Mule Cooler,1995-02-15 00:00:00.0,Canyon Mule Cooler,954,250000 cc,Canyon Mule,,707,833,903,28110
"This pack has a large capacity, perfect for carrying all your camping gear.  Solid metal zipper and leather bottom.",29,Camping Equipment,41.18,P29CE1PK4.jpg,Packs,Blue,0.4,991,Canyon Mule Carryall,1997-03-05 00:00:00.0,Canyon Mule Carryall,954,120000 cc,Canyon Mule,,707,832,903,29110
"Lightweight flashlight made from aircraft aluminum. Focusable beam, tail cap push button allows for single-handed operation. Uses two AA batteries, included.",30,Camping Equipment,6.75,P30CE1LT5.jpg,Lanterns,Black,0.5,991,Firefly Lite,1997-03-05 00:00:00.0,Firefly Lite,955,5-hour,Firefly,,705,847,902,30110
"Clip-on flashlight for map or book reading. Also comes with flexible fiber optic extension. Lightweight, uses only one AA battery, included.",31,Camping Equipment,7.50,P31CE1LT5.jpg,Lanterns,Yellow,0.5,991,Firefly Mapreader,1997-03-05 00:00:00.0,Firefly Mapreader,955,5-hour,Firefly,,705,847,926,31110
"A high quality aluminum flashlight with Krypton bulb.  Uses two D batteries, included.",32,Camping Equipment,16.67,P32CE1LT5.jpg,Lanterns,Silver,0.33,991,Firefly 2,1995-02-15 00:00:00.0,Firefly 2,955,12-hour,Firefly,,705,849,923,32110
"Made of solid plastic construction, adjustable beam (flood to spot), Krypton bulb.  Uses four D batteries, included.",33,Camping Equipment,18.00,P33CE1LT5.jpg,Lanterns,Yellow,0.33,991,Firefly 4,1997-03-05 00:00:00.0,Firefly 4,955,25-hour,Firefly,,705,850,926,33110
"The Firefly Extreme is under 15 cm long yet produces 7,000 candlepower using two lithium batteries and a Xenon bulb. Shock and water resistant. Weight: 135 g.",34,Camping Equipment,28.12,P34CE1LT5.jpg,Lanterns,Black,0.37,991,Firefly Extreme,2000-10-26 00:00:00.0,Firefly Extreme,955,12-hour,Extreme,,706,849,902,34110
"This light can be used as either a flashlight or as a lamp. Uses two C batteries, included.  Burn time 7-8 hours. Water-resistant.",35,Camping Equipment,17.78,P35CE1LT5.jpg,Lanterns,Orange,0.25,991,Firefly Multi-light,2000-10-26 00:00:00.0,Firefly Multi-light,955,12-hour,Firefly,,705,849,918,35110
Light output approximates a 100 W bulb. Single mantle regulated. Porcelain dome. Uses 0.5 liter  propane cylinder (not included).,36,Camping Equipment,18.05,P36CE1LT5.jpg,Lanterns,Blue,0.4,991,EverGlow Single,1995-02-15 00:00:00.0,EverGlow Single,955,5-hour,EverGlow,,708,847,903,36110
Light output approximates a 175 W bulb. Double mantle regulated. Porcelain dome. Uses 0.5 liter propane cylinder (not included).,37,Camping Equipment,28.75,P37CE1LT5.jpg,Lanterns,Black,0.37,991,EverGlow Double,1997-03-05 00:00:00.0,EverGlow Double,955,8-hour,EverGlow,,708,848,902,37110
"One of the most dependable sources of light in an emergency, this lantern is always ready and doesn't need to be recharged. Cotton wick. Height: 30 cm.",38,Camping Equipment,20.00,P38CE1LT5.jpg,Lanterns,Silver,0.33,991,EverGlow Kerosene,1997-03-05 00:00:00.0,EverGlow Kerosene,955,25-hour,EverGlow,,708,850,923,38110
"Adjustable brightness control with auto ignition. Safely stores in its own protective case.  Approximate burn time 5 hours on one 0.25 liter butane canister, included.",39,Camping Equipment,40.63,P39CE1LT5.jpg,Lanterns,Blue,0.37,991,EverGlow Butane,1997-03-05 00:00:00.0,EverGlow Butane,955,5-hour,EverGlow,,708,847,903,39110
"Perfect for in your tent, this lamp comes with a 6V battery.  Complete with shade and hanging hook.",40,Camping Equipment,17.97,P40CE1LT5.jpg,Lanterns,Black,0.28,991,EverGlow Lamp,1995-02-15 00:00:00.0,EverGlow Lamp,955,5-hour,EverGlow,,708,847,902,40110
"Simple to use, just requires a candle to be inserted and lit.  Windproof, lasts for hours.",41,Camping Equipment,24.62,P41CE1LT5.jpg,Lanterns,Orange,0.23,991,Flicker Lantern,2005-01-10 00:00:00.0,Flicker Lantern,955,8-hour,Firefly,,705,848,918,41110
11 mm diameter standard rope. Length: 50 m.  Weight: 78 g per meter. Impact Force: 7.2 kN. Static Elongation: 7.8%. Number of UIAA Falls: 16.,42,Mountaineering Equipment,106.66,P42ME2RP6.jpg,Rope,Red,0.33,992,Husky Rope 50,2005-01-10 00:00:00.0,Husky Rope 50,956,50 m,Husky,,709,834,922,42110
11 mm diameter standard rope. Length: 60 m.  Weight: 78 g per meter. Impact Force: 7.2 kN. Static Elongation: 7.8%. Number of UIAA Falls: 16.,43,Mountaineering Equipment,126.66,P42ME2RP6.jpg,Rope,Red,0.33,992,Husky Rope 60,2005-01-10 00:00:00.0,Husky Rope 60,956,60 m,Husky,,709,835,922,43110
11 mm diameter standard rope. Length: 100 m.  Weight: 78 g per meter. Impact Force: 7.2 kN. Static Elongation: 7.8%. Number of UIAA Falls: 16.,44,Mountaineering Equipment,231.11,P44ME2RP6.jpg,Rope,Blue,0.33,992,Husky Rope 100,2005-01-10 00:00:00.0,Husky Rope 100,956,100 m,Husky,,709,836,903,44110
11 mm diameter standard rope. Length: 200 m.  Weight: 78 g per meter. Impact Force: 7.2 kN. Static Elongation: 7.8%. Number of UIAA Falls: 16.,45,Mountaineering Equipment,383.32,P44ME2RP6.jpg,Rope,Blue,0.33,992,Husky Rope 200,2005-01-10 00:00:00.0,Husky Rope 200,956,200 m,Husky,,709,837,903,45110
"This UIAA approved helmet fits adults and kids, suitable for rock and alpine use.",46,Mountaineering Equipment,52.86,P46ME2SY7.jpg,Safety,Orange,0.28,992,Granite Climbing Helmet,2005-01-10 00:00:00.0,Granite Climbing Helmet,957,One-size,Granite,,710,853,918,46110
One size fits all due to extensive waist belt adjustment and fully adjustable leg loops.,47,Mountaineering Equipment,44.83,P47ME2SY7.jpg,Safety,Black,0.31,992,Husky Harness,2005-01-10 00:00:00.0,Husky Harness,957,One-size,Husky,,709,853,902,47110
One size fits all. Top of the range fully adjustable technical harness. Ultra high strength belay loop rated in excess of 30kN. Rear haul loop rated to 10kN.,48,Mountaineering Equipment,55.00,P47ME2SY7.jpg,Safety,Black,0.5,992,Husky Harness Extreme,2005-01-10 00:00:00.0,Husky Harness Extreme,957,One-size,Extreme,,706,853,902,48110
Day or night signal mirror with gridded sighting hole.  6mm laminated glass. Soft carrying case included. Size: 8 x 13 cm. Weight: 400 g.,49,Mountaineering Equipment,16.50,P49ME2SY7.jpg,Safety,Grey,0.5,992,Granite Signal Mirror,2005-01-10 00:00:00.0,Granite Signal Mirror,957,Small,Granite,,710,838,913,49110
Made from 12 mm rod stock aluminum and a radius suitable for almost any rope size. Locks tight with almost any belay/rappel combination. Individually tested.,50,Mountaineering Equipment,2.00,P50ME2CA8.jpg,Climbing Accessories,Silver,0.5,992,Granite Carabiner,2005-01-10 00:00:00.0,Granite Carabiner,958,12 mm,Granite,,710,801,923,50110
The Granite Belay is an ingenious single rope belay device that uses carabiner movement to brake the rope.,51,Mountaineering Equipment,35.00,P51ME2CA8.jpg,Climbing Accessories,Black,0.5,992,Granite Belay,2005-01-10 00:00:00.0,Granite Belay,958,Unspecified,Granite,,710,800,902,51110
"Light, simple and strong, a great all purpose pulley.",52,Mountaineering Equipment,19.00,P52ME2CA8.jpg,Climbing Accessories,Black,0.5,992,Granite Pulley,2005-01-10 00:00:00.0,Granite Pulley,958,Unspecified,Granite,,710,800,902,52110
"This climbing lamp is water-resistant. It comes with two bulbs, standard and halogen. Includes one 6V halogen bulb and one 6V standard bulb. Weight: 200g.",53,Mountaineering Equipment,28.55,P53ME2CA8.jpg,Climbing Accessories,Grey,0.28,992,Firefly Climbing Lamp,2005-01-10 00:00:00.0,Firefly Climbing Lamp,958,12-hour,Firefly,,705,849,913,53110
"Power charger for the Firefly Climbing Lamp. The charger cannot overcharge the Firefly battery, so you can leave it in the charger without worrying.",54,Mountaineering Equipment,35.33,P54ME2CA8.jpg,Climbing Accessories,Black,0.33,992,Firefly Charger,2005-01-10 00:00:00.0,Firefly Charger,958,Unspecified,Firefly,,705,800,902,54110
"Rechargeable battery pack for the Firefly Climbing Lamp. Each charge gives 3 hours of light with a halogen bulb and 9 hours with standard bulb. Battery may be recharged up to 1,000 times.",55,Mountaineering Equipment,4.00,P55ME2CA8.jpg,Climbing Accessories,Yellow,0.5,992,Firefly Rechargeable Battery,2005-01-10 00:00:00.0,Firefly Rechargeable Battery,958,Unspecified,Firefly,,705,800,926,55110
Nylon web bag perfect for holding several sticks of chalk.,56,Mountaineering Equipment,9.00,P56ME2CA8.jpg,Climbing Accessories,Multicolored,0.5,992,Granite Chalk Bag,2005-01-10 00:00:00.0,Granite Chalk Bag,958,Medium,Granite,,710,839,917,56110
A general purpose mountaineering axe for snow and glacier travel. Excellent mid-weight axe. Weight: 638 g,57,Mountaineering Equipment,40.00,P57ME2TL9.jpg,Tools,Silver,0.5,992,Granite Ice,2005-01-10 00:00:00.0,Granite Ice,959,30 cm,Granite,,710,816,923,57110
A solid hammer made with a solid hard wood handle and steel head.  Weight: 800g.,58,Mountaineering Equipment,57.13,P58ME2TL9.jpg,Tools,Brown,0.28,992,Granite Hammer,2005-01-10 00:00:00.0,Granite Hammer,959,30 cm,Granite,,710,816,906,58110
Shovel has removable aluminum handle and heat treated aluminum blade.,59,Mountaineering Equipment,46.15,P59ME2TL9.jpg,Tools,Black,0.23,992,Granite Shovel,2005-01-10 00:00:00.0,Granite Shovel,959,55 cm,Granite,,710,818,902,59110
"All-purpose stainless steel pliers. Sheath included. Length (closed) 12cm, (open) 16 cm. Weight: 200 g.",60,Mountaineering Equipment,10.00,P60ME2TL9.jpg,Tools,Red,0.5,992,Granite Grip,2005-01-10 00:00:00.0,Granite Grip,959,12 cm,Granite,,710,812,922,60110
Camping axe with clear coated wood handle.,61,Mountaineering Equipment,20.00,P61ME2TL9.jpg,Tools,Brown,0.5,992,Granite Axe,2005-01-10 00:00:00.0,Granite Axe,959,61 cm,Granite,,710,819,906,61110
"The Edge Extreme is a collapsible plier-shaped gadget, three knife blades, file and scissors, perfect for the outdoors.  Carrying case included.",62,Mountaineering Equipment,47.06,P62ME2TL9.jpg,Tools,Silver,0.4,992,Granite Extreme,2005-01-10 00:00:00.0,Granite Extreme,959,25 cm,Extreme,,706,815,923,62110
"Padded leather strap, precision Swiss quartz movement, sweep second hand, 24-hour time ring, luminous hands and markers, hardened mineral crystal.",63,Personal Accessories,30.00,P63PA3WT10.jpg,Watches,Green,0.33,993,Mountain Man Analog,1995-02-15 00:00:00.0,Mountain Man Analog,960,Men's,Mountain Man,,711,851,912,63110
"Padded leather strap, precision Swiss quartz movement, sweep second hand, 24-hour time ring, luminous hands and markers, hardened mineral crystal.",63,Personal Accessories,30.00,P63PA3WT10.jpg,Watches,Orange,0.33,993,Mountain Man Analog,2005-01-01 00:00:00.0,Mountain Man Analog,960,Women's,Mountain Man,,711,852,918,63130
"Padded leather strap, precision Swiss quartz movement, sweep second hand, 24-hour time ring, luminous hands and markers, hardened mineral crystal.",63,Personal Accessories,30.00,P63PA3WT10.jpg,Watches,Orange,0.33,993,Mountain Man Analog,2005-01-01 00:00:00.0,Mountain Man Analog,960,Men's,Mountain Man,,711,851,918,63140
"Tough rubber strap, digital face, hardened crystal, water-resistant to 50 meters.",64,Personal Accessories,20.00,P64PA3WT10.jpg,Watches,Blue,0.5,993,Mountain Man Digital,1995-02-15 00:00:00.0,Mountain Man Digital,960,One-size,Mountain Man,,711,853,903,64110
"Tough rubber strap, precision Swiss quartz movement, imbedded digital face, luminous hands and markers, hardened mineral crystal, start and stop buttons, water-resistant to 50 meters.",65,Personal Accessories,39.00,P65PA3WT10.jpg,Watches,Red,0.5,993,Mountain Man Deluxe,1997-03-05 00:00:00.0,Mountain Man Deluxe,960,Women's,Mountain Man,,711,852,922,65110
"Tough rubber strap, precision Swiss quartz movement, imbedded digital face, luminous hands and markers, hardened mineral crystal, start and stop buttons, water-resistant to 50 meters.",65,Personal Accessories,39.00,P65PA3WT10.jpg,Watches,Red,0.5,993,Mountain Man Deluxe,2006-01-01 00:00:00.0,Mountain Man Deluxe,960,Men's,Mountain Man,,711,851,922,65120
"Combination watch, altimeter, compass and barometric gauge.  Heavy duty rubber strap,  hardened mineral crystal.",66,Personal Accessories,45.00,P66PA3WT10.jpg,Watches,Black,0.5,993,Mountain Man Combination,1997-03-05 00:00:00.0,Mountain Man Combination,960,One-size,Mountain Man,,711,853,902,66110
"Solid titanium case, crown, bezel.  Combination nylon and rubber strap. Analog representation on digital interface.  Backlit, hardened mineral crystal, water-resistant to 100 meters.",67,Personal Accessories,116.19,P67PA3WT10.jpg,Watches,Silver,0.51,993,Mountain Man Extreme,2000-10-26 00:00:00.0,Mountain Man Extreme,960,One-size,Extreme,,706,853,923,67110
"The Polar Sun sunglasses have 3 mm thick lenses, which makes excellent protective eyewear for sport and safety.",68,Personal Accessories,46.15,P68PA3EW11.jpg,Eyewear,Silver,0.23,993,Polar Sun,1995-02-15 00:00:00.0,Polar Sun,961,Women's,Polar,,712,852,923,68110
"The Polar Sun sunglasses have 3 mm thick lenses, which makes excellent protective eyewear for sport and safety.",68,Personal Accessories,46.15,P68PA3EW11.jpg,Eyewear,Blue,0.23,993,Polar Sun,2005-01-01 00:00:00.0,Polar Sun,961,Men's,Polar,,712,851,903,68120
"The Polar Sun sunglasses have 3 mm thick lenses, which makes excellent protective eyewear for sport and safety.",68,Personal Accessories,46.15,P68PA3EW11.jpg,Eyewear,Blue,0.23,993,Polar Sun,2005-01-01 00:00:00.0,Polar Sun,961,Women's,Polar,,712,852,903,68190
"The Polar Sun sunglasses have 3 mm thick lenses, which makes excellent protective eyewear for sport and safety.",68,Personal Accessories,46.15,P68PA3EW11.jpg,Eyewear,Red,0.23,993,Polar Sun,2005-01-01 00:00:00.0,Polar Sun,961,Men's,Polar,,712,851,922,68200
"The Polar Sun sunglasses have 3 mm thick lenses, which makes excellent protective eyewear for sport and safety.",68,Personal Accessories,46.15,P68PA3EW11.jpg,Eyewear,Yellow,0.23,993,Polar Sun,2005-01-01 00:00:00.0,Polar Sun,961,Women's,Polar,,712,852,926,68220
"The Polar Sun sunglasses have 3 mm thick lenses, which makes excellent protective eyewear for sport and safety.",68,Personal Accessories,46.15,P68PA3EW11.jpg,Eyewear,Red,0.23,993,Polar Sun,2005-01-01 00:00:00.0,Polar Sun,961,Women's,Polar,,712,852,922,68230
"The Polar Sun sunglasses have 3 mm thick lenses, which makes excellent protective eyewear for sport and safety.",68,Personal Accessories,46.15,P68PA3EW11.jpg,Eyewear,Silver,0.23,993,Polar Sun,2005-01-01 00:00:00.0,Polar Sun,961,Men's,Polar,,712,851,923,68240
"The Polar Sun sunglasses have 3 mm thick lenses, which makes excellent protective eyewear for sport and safety.",68,Personal Accessories,46.15,P68PA3EW11.jpg,Eyewear,Yellow,0.23,993,Polar Sun,2005-01-01 00:00:00.0,Polar Sun,961,Men's,Polar,,712,851,926,68250
Polar Ice sunglasses have polarized lenses to combat glare from snow. Unbreakable nylon frame.,69,Personal Accessories,73.33,P69PA3EW11.jpg,Eyewear,Black,0.33,993,Polar Ice,1995-02-15 00:00:00.0,Polar Ice,961,Men's,Polar,,712,851,902,69110
Polar Ice sunglasses have polarized lenses to combat glare from snow. Unbreakable nylon frame.,69,Personal Accessories,73.33,P69PA3EW11.jpg,Eyewear,Black,0.33,993,Polar Ice,2005-01-01 00:00:00.0,Polar Ice,961,Women's,Polar,,712,852,902,69120
Six base classic nylon composite frame sunglasses with wire core temples.,70,Personal Accessories,80.00,P70PA3EW11.jpg,Eyewear,Blue,0.33,993,Polar Sports,2006-01-01 00:00:00.0,Polar Sports,961,Men's,Polar,,712,851,903,70110
Six base classic nylon composite frame sunglasses with wire core temples.,70,Personal Accessories,80.00,P70PA3EW11.jpg,Eyewear,Blue,0.33,993,Polar Sports,2006-01-01 00:00:00.0,Polar Sports,961,Women's,Polar,,712,852,903,70120
Six base classic nylon composite frame sunglasses with wire core temples.,70,Personal Accessories,80.00,P70PA3EW11.jpg,Eyewear,Red,0.33,993,Polar Sports,2006-01-01 00:00:00.0,Polar Sports,961,Men's,Polar,,712,851,922,70140
Six base classic nylon composite frame sunglasses with wire core temples.,70,Personal Accessories,80.00,P70PA3EW11.jpg,Eyewear,Yellow,0.33,993,Polar Sports,2006-01-01 00:00:00.0,Polar Sports,961,Men's,Polar,,712,851,926,70160
Six base classic nylon composite frame sunglasses with wire core temples.,70,Personal Accessories,80.00,P70PA3EW11.jpg,Eyewear,Red,0.33,993,Polar Sports,2006-01-01 00:00:00.0,Polar Sports,961,Women's,Polar,,712,852,922,70200
Six base classic nylon composite frame sunglasses with wire core temples.,70,Personal Accessories,80.00,P70PA3EW11.jpg,Eyewear,Silver,0.33,993,Polar Sports,1997-03-05 00:00:00.0,Polar Sports,961,Men's,Polar,,712,851,923,70240
Six base classic nylon composite frame sunglasses with wire core temples.,70,Personal Accessories,80.00,P70PA3EW11.jpg,Eyewear,Yellow,0.33,993,Polar Sports,2007-01-01 00:00:00.0,Polar Sports,961,Women's,Polar,,712,852,926,70250
"Acrylex lenses in the Polar Wave sunglasses absorb up to 90% of visible light, 96% ultraviolet, and 82% infrared light. Unbreakable nylon frames.",71,Personal Accessories,60.00,P71PA3EW11.jpg,Eyewear,Black,0.33,993,Polar Wave,1997-03-05 00:00:00.0,Polar Wave,961,One-size,Polar,,712,853,902,71110
Ideal for skiing and winter mountaineering. Frame is durable polyurethane with soft interior foam and adjustable woven elastic band providing an excellent fit. Weight: 139 g.,72,Personal Accessories,72.50,P72PA3EW11.jpg,Eyewear,Black,0.5,993,Polar Extreme,2000-10-26 00:00:00.0,Polar Extreme,961,One-size,Extreme,,706,853,902,72110
"Single stainless steel blade folding knife. Length: (closed) 5 cm, (blade) 4.5 cm. Blade thickness 2 mm.  Weight: 90 g.",73,Personal Accessories,8.56,P73PA3KV12.jpg,Knives,Black,0.28,993,Single Edge,1995-02-15 00:00:00.0,Single Edge,962,9.5 cm,Edge,,713,810,902,73110
"Double stainless steel blade folding knife. Length: (closed) 6 cm, (blades) 5.5 cm and 3 cm. Blade thickness: 2 mm. Weight: 110 g.",74,Personal Accessories,11.43,P74PA3KV12.jpg,Knives,Red,0.28,993,Double Edge,1995-02-15 00:00:00.0,Double Edge,962,14.5 cm,Edge,,713,813,922,74110
"Multi-purpose pocketknife ruggedly constructed of stainless steel.  Includes 4 different blades, corkscrew, saw, scissors, pliers and more.",75,Personal Accessories,80.00,P75PA3KV12.jpg,Knives,Red,0.28,993,Edge Extreme,2000-10-26 00:00:00.0,Edge Extreme,962,14.5 cm,Extreme,,706,813,922,75110
Knife is 33 cm long with a 20 cm blade made of surgical stainless steel. The handle is laminated wood. The custom made sheath is black leather.,76,Personal Accessories,23.53,P76PA3KV12.jpg,Knives,Black,0.4,993,Bear Edge,1995-02-15 00:00:00.0,Bear Edge,962,33 cm,Edge,,713,817,902,76110
Features a 23 cm razor edge blade tempered from a special blend of stainless steel. The hollow handle has a compartment containing survival gear including a compass. Overall length: 36cm.,77,Personal Accessories,45.00,P77PA3KV12.jpg,Knives,Silver,0.5,993,Bear Survival Edge,2000-10-26 00:00:00.0,Bear Survival Edge,962,23 cm,Edge,,713,814,923,77110
"This 7 x 35 model is economical and performs well optically. Fully coated lenses, compact and  lightweight. Rubber covered for secure and comfortable grip. Soft carrying case included.",78,Personal Accessories,79.19,P78PA3BN13.jpg,Binoculars,Black,0.2,993,Seeker 35,1995-02-15 00:00:00.0,Seeker 35,963,Unspecified,Seeker,,714,800,902,78110
Rubber coated and ergonomically designed. The wide angle of view of 10 x 50 keeps more of your subject in view at high magnification. Soft carrying case included.,79,Personal Accessories,92.58,P78PA3BN13.jpg,Binoculars,Black,0.25,993,Seeker 50,1995-02-15 00:00:00.0,Seeker 50,963,Unspecified,Seeker,,714,800,902,79110
"These ergonomic binoculars are light-weight and easy to hold.  Strong construction make them impervious to water, fog and thermal shocks. Soft carrying case included.",80,Personal Accessories,94.12,P80PA3BN13.jpg,Binoculars,Black,0.4,993,Seeker Extreme,1997-03-05 00:00:00.0,Seeker Extreme,963,Unspecified,Extreme,,706,800,902,80110
"This 8 x 22 model is economical and performs well optically. Fully coated lenses, compact and  light-weight. Rubber covered for secure and comfortable grip. Soft carrying case included.",81,Personal Accessories,40.00,P81PA3BN13.jpg,Binoculars,Black,0.5,993,Seeker Mini,1997-03-05 00:00:00.0,Seeker Mini,963,Unspecified,Seeker,,714,800,902,81110
Traditional magnetic compass in a stainless steel casing.,82,Personal Accessories,20.00,P82PA3NV14.jpg,Navigation,Silver,0.33,993,Glacier Basic,1997-03-05 00:00:00.0,Glacier Basic,964,Unspecified,Glacier,,715,800,923,82110
Magnetic Compass has a large sighting mirror with v-notch allowing for quick acquisition and accurate bearings to distant landmarks.,83,Personal Accessories,56.25,P83PA3NV14.jpg,Navigation,Black,0.37,993,Glacier Deluxe,1997-03-05 00:00:00.0,Glacier Deluxe,964,Unspecified,Glacier,,715,800,902,83110
"Global Positioning System that is small, lightweight, and rugged. Incredibly easy to use, dedicated operation keys, and three user-friendly navigation screens.",84,Personal Accessories,78.55,P84PA3NV14.jpg,Navigation,Black,0.28,993,Glacier GPS,1997-03-05 00:00:00.0,Glacier GPS,964,Unspecified,Glacier,,715,800,902,84110
"Hand held GPS receiver with color display. Incredibly easy to use, three user-friendly navigation screens, and saves two routes. Up to 20 hours of battery life just on two AA batteries.",85,Personal Accessories,176.47,P85PA3NV14.jpg,Navigation,Black,0.4,993,Glacier GPS Extreme,1999-06-12 00:00:00.0,Glacier GPS Extreme,964,Unspecified,Extreme,,706,800,902,85110
"Contains no chemicals. Repels mosquitoes, black flies, biting midges, and fleas effectively. Safe for children and environmentally sound.  Active ingredient: Citronella 10%. 100 ml.",86,Outdoor Protection,2.00,P86OP4IR15.jpg,Insect Repellents,Clear,0.67,994,BugShield Natural,1995-02-15 00:00:00.0,BugShield Natural,965,100 ml,BugShield,,716,802,908,86110
"Repels black flies, ticks, mosquitoes, chiggers, deer flies and stable flies. Protects against Lyme ticks. Contains 23.75% active ingredient. Clear, odorless formula. 100 ml.",87,Outdoor Protection,2.00,P86OP4IR15.jpg,Insect Repellents,Clear,0.67,994,BugShield Spray,1995-02-15 00:00:00.0,BugShield Spray,965,100 ml,BugShield,,716,802,908,87110
"Repels black flies, ticks, mosquitoes, chiggers, deer flies and stable flies. Contains 8.75% active ingredient for a lighter application. Odorless cream. 100 ml.",88,Outdoor Protection,2.00,P86OP4IR15.jpg,Insect Repellents,Clear,0.7,994,BugShield Lotion Lite,1995-02-15 00:00:00.0,BugShield Lotion Lite,965,100 ml,BugShield,,716,802,908,88110
"Repels black flies, ticks, mosquitoes, chiggers, deer flies and stable flies. Protects against Lyme ticks. Contains 23.75% active ingredient. Odorless cream. 100 ml.",89,Outdoor Protection,2.50,P86OP4IR15.jpg,Insect Repellents,Clear,0.63,994,BugShield Lotion,1995-02-15 00:00:00.0,BugShield Lotion,965,100 ml,BugShield,,716,802,908,89110
"Highest amount of the active ingredient, 38%, for up to 10 hours of protection. Repels black flies, ticks, mosquitoes, deer flies and stable flies. Clear, odorless formula. 100 ml.",90,Outdoor Protection,2.50,P86OP4IR15.jpg,Insect Repellents,Clear,0.63,994,BugShield Extreme,1995-02-15 00:00:00.0,BugShield Extreme,965,100 ml,Extreme,,706,802,908,90110
"Sun Blocker is waterproof and lasts up to eight hours. It contains natural skin conditioners and moisturizers, as well as titanium dioxide for the ultimate level of protection.",91,Outdoor Protection,2.00,P91OP4SS16.jpg,Sunscreen,White,0.6,994,Sun Blocker,1995-02-15 00:00:00.0,Sun Blocker,966,330 ml,Sun,,717,804,925,91110
"Easy to apply to your nose, lips, ears and other sensitive areas. Provides long-lasting protection from sun, wind and water to keep your skin soft and moist.",92,Outdoor Protection,2.00,P91OP4SS16.jpg,Sunscreen,White,0.6,994,Sun Shelter Stick,1995-02-15 00:00:00.0,Sun Shelter Stick,966,250 ml,Sun,,717,803,925,92110
SPF 15 protects against all harmful rays.,93,Outdoor Protection,2.00,P91OP4SS16.jpg,Sunscreen,White,0.6,994,Sun Shelter 15,1995-02-15 00:00:00.0,Sun Shelter 15,966,330 ml,Sun,,717,804,925,93110
SPF 30 provides maximum protection and is long-lasting.,94,Outdoor Protection,2.00,P91OP4SS16.jpg,Sunscreen,White,0.6,994,Sun Shelter 30,1995-02-15 00:00:00.0,Sun Shelter 30,966,330 ml,Sun,,717,804,925,94110
"PABA free sunscreen, SPF 30, poison oak and ivy protectant, waterproof, insect repellent against fleas, mosquitoes, deer ticks, gnats.  Moisturizer contains Vitamin E and Lanolin.",95,Outdoor Protection,3.00,P91OP4SS16.jpg,Sunscreen,White,0.5,994,Sun Shield,1995-02-15 00:00:00.0,Sun Shield,966,250 ml,Sun,,717,803,925,95110
"A personal first aid kit is recommended for every outdoor hiker or camper. Contains basic wound management, advanced infectious control, and more. Size: 17 x 10 x 7 cm. Weight: 0.3 kg.",96,Outdoor Protection,16.43,P96OP4FA17.jpg,First Aid,White,0.28,994,Compact Relief Kit,1995-02-15 00:00:00.0,Compact Relief Kit,967,30-piece,Relief,,720,826,925,96110
"A complete medical kit suitable for families with children.  Contains cough syrup, oral rehydration salts, advanced wound management, and more.  Size: 22 x 12 x 7 cm. Weight: 0.6 kg.",97,Outdoor Protection,25.00,P96OP4FA17.jpg,First Aid,White,0.28,994,Deluxe Family Relief Kit,1997-03-05 00:00:00.0,Deluxe Family Relief Kit,967,60-piece,Relief,,720,827,925,97110
"Use the Calamine Relief for allergic skin reactions, helps combat itching and swelling.",98,Outdoor Protection,3.00,P98OP4FA17.jpg,First Aid,Clear,0.5,994,Calamine Relief,1995-02-15 00:00:00.0,Calamine Relief,967,250 ml,Relief,,720,803,908,98110
"Perfect for minor burns and sunburn, the aloe vera provides quick relief.",99,Outdoor Protection,2.00,P99OP4FA17.jpg,First Aid,Clear,0.6,994,Aloe Relief,1995-02-15 00:00:00.0,Aloe Relief,967,330 ml,Relief,,720,804,908,99110
The Insect Bite Relief helps the itching and swelling caused by most insect bites.,100,Outdoor Protection,3.00,P100OP4FA17.jpg,First Aid,Clear,0.5,994,Insect Bite Relief,1995-02-15 00:00:00.0,Insect Bite Relief,967,250 ml,Relief,,720,803,908,100110
Iron is 17-4 stainless steel.  Shafts are graphite with a frequency matched throughout the set. Includes 3 iron to Pitching Wedge.,101,Golf Equipment,305.54,P101GE5IR18.jpg,Irons,Silver,0.43,995,Hailstorm Steel Irons,2003-12-15 00:00:00.0,Hailstorm Steel Irons,968,Men's,Hailstorm,,719,851,923,101110
Made entirely of pure titanium. The ultimate in golf club technology. Lightweight graphite shaft and light overall weight. Includes 3 iron to Pitching Wedge.,102,Golf Equipment,380.95,P102GE5IR18.jpg,Irons,Silver,0.51,995,Hailstorm Titanium Irons,2003-12-10 00:00:00.0,Hailstorm Titanium Irons,968,Men's,Hailstorm,,719,851,923,102110
Iron is 17-4 stainless steel.  Shafts are graphite with a frequency matched throughout the set. Includes 3 iron to Pitching Wedge.,103,Golf Equipment,277.76,P101GE5IR18.jpg,Irons,Silver,0.43,995,Lady Hailstorm Steel Irons,2003-12-10 00:00:00.0,Lady Hailstorm Steel Irons,968,Women's,Hailstorm,,719,852,923,103110
Made entirely of pure titanium. A wider sole and loft system to help you get the ball airborne with less effort. Includes 3 iron to Pitching Wedge.,104,Golf Equipment,333.32,P102GE5IR18.jpg,Irons,Silver,0.51,995,Lady Hailstorm Titanium Irons,2003-12-18 00:00:00.0,Lady Hailstorm Titanium Irons,968,Women's,Hailstorm,,719,852,923,104110
"Crafted of 6-4 titanium which is 40% lighter and 20% stronger than 17-4 steel.  Includes 3 Wood, 5 Wood and 12 degree driver.",105,Golf Equipment,555.90,P105GE5WD19.jpg,Woods,Bronze,0.55,995,Hailstorm Titanium Woods Set,2003-12-27 00:00:00.0,Hailstorm Titanium Woods Set,969,Men's,Hailstorm,,719,851,905,105110
"These steel woods are manufactured to exact tolerances to ensure maximum transfer of energy between the club head and the golf ball. Includes 3 Wood, 5 Wood and 12 degree driver.",106,Golf Equipment,536.09,P106GE5WD19.jpg,Woods,Mahogany,0.43,995,Hailstorm Steel Woods Set,2003-12-05 00:00:00.0,Hailstorm Steel Woods Set,969,Men's,Hailstorm,,719,851,916,106110
"Crafted of 6-4 titanium which is 40% lighter and 20% stronger than 17-4 steel. Includes 3 Wood, 5 Wood and 12 degree driver.",107,Golf Equipment,509.07,P105GE5WD19.jpg,Woods,Bronze,0.55,995,Lady Hailstorm Titanium Woods Set,2004-01-13 00:00:00.0,Lady Hailstorm Titanium Woods Set,969,Women's,Hailstorm,,719,852,905,107110
"These steel woods are manufactured to exact tolerances to ensure maximum transfer of energy between the club head and the golf ball. Includes 3 Wood, 5 Wood and 12 degree driver.",108,Golf Equipment,472.22,P106GE5WD19.jpg,Woods,Mahogany,0.43,995,Lady Hailstorm Steel Woods Set,2003-12-27 00:00:00.0,Lady Hailstorm Steel Woods Set,969,Women's,Hailstorm,,719,852,916,108110
High quality putter is cast  from a soft yellow brass alloy to give the putter its uniquely soft feel at impact.,109,Golf Equipment,35.00,P109GE5PT20.jpg,Putters,Brass,0.43,995,Course Pro Putter,2003-12-10 00:00:00.0,Course Pro Putter,970,One-size,Course Pro,,718,853,904,109110
This premium putter has copper mixed with lightweight aluminum for a smooth touch.,110,Golf Equipment,60.00,P110GE5PT20.jpg,Putters,Black,0.5,995,Blue Steel Putter,2003-12-10 00:00:00.0,Blue Steel Putter,970,One-size,Blue Steel,,703,853,902,110110
Putter head is composed from a single piece of the softest carbon steel for optimum feel.,111,Golf Equipment,81.80,P111GE5PT20.jpg,Putters,Bronze,0.55,995,Blue Steel Max Putter,2003-12-15 00:00:00.0,Blue Steel Max Putter,970,One-size,Blue Steel,,703,853,905,111110
Set includes two premium golf ball and an assortment of wooden golf tees.,112,Golf Equipment,6.00,P112GE5GA21.jpg,Golf Accessories,Multicolored,0.33,995,Course Pro Golf and Tee Set,2004-01-10 00:00:00.0,Course Pro Golf and Tee Set,971,Unspecified,Course Pro,,718,800,917,112110
Large red and white patterned golf umbrella.,113,Golf Equipment,6.00,P113GE5GA21.jpg,Golf Accessories,Red,0.5,995,Course Pro Umbrella,2004-01-15 00:00:00.0,Course Pro Umbrella,971,Large,Course Pro,,718,840,922,113110
High quality golf bag that includes carrying strap and large front pocket.,114,Golf Equipment,80.00,P114GE5GA21.jpg,Golf Accessories,Grey,0.6,995,Course Pro Golf Bag,2003-12-15 00:00:00.0,Course Pro Golf Bag,971,Unspecified,Course Pro,,718,800,913,114110
Durable nylon constructed gloves with stitched leather palm.,115,Golf Equipment,5.00,P115GE5GA21.jpg,Golf Accessories,Red,0.5,995,Course Pro Gloves,2003-12-27 00:00:00.0,Course Pro Gloves,971,Medium,Course Pro,,718,839,922,115110
The Bella collection bonds the famous functionality factor with dynamic styling and luminous color.,122,Personal Accessories,0.00,P70PA3EW11.jpg,Eyewear,Blue,0.0,993,Bella,2006-01-01 00:00:00.0,Bella,961,Junior,Antoni,,753,854,903,122110
The Bella collection bonds the famous functionality factor with dynamic styling and luminous color.,122,Personal Accessories,0.00,P70PA3EW11.jpg,Eyewear,Pink,0.0,993,Bella,2003-01-01 00:00:00.0,Bella,961,Women's,Antoni,2006-07-31 00:00:00.0,753,852,919,122120
The Bella collection bonds the famous functionality factor with dynamic styling and luminous color.,122,Personal Accessories,0.00,P70PA3EW11.jpg,Eyewear,Silver,0.0,993,Bella,2005-01-01 00:00:00.0,Bella,961,Junior,Antoni,,753,854,923,122130
The Bella collection bonds the famous functionality factor with dynamic styling and luminous color.,122,Personal Accessories,0.00,P70PA3EW11.jpg,Eyewear,White,0.0,993,Bella,2006-04-01 00:00:00.0,Bella,961,Junior,Antoni,,753,854,925,122140
The Bella collection bonds the famous functionality factor with dynamic styling and luminous color.,122,Personal Accessories,0.00,P70PA3EW11.jpg,Eyewear,Yellow,0.0,993,Bella,2007-06-01 00:00:00.0,Bella,961,Junior,Antoni,,753,854,926,122150
Capri sunglasses are a style icon. Lenses incorporate sun-activated tinting and anti-glare coatings for consistent focus.,123,Personal Accessories,0.00,P70PA3EW11.jpg,Eyewear,Green,0.0,993,Capri,2004-10-01 00:00:00.0,Capri,961,Women's,Antoni,,753,852,912,123110
Capri sunglasses are a style icon. Lenses incorporate sun-activated tinting and anti-glare coatings for consistent focus.,123,Personal Accessories,0.00,P70PA3EW11.jpg,Eyewear,Orange,0.0,993,Capri,2003-01-01 00:00:00.0,Capri,961,Women's,Antoni,2006-02-28 00:00:00.0,753,852,918,123120
Capri sunglasses are a style icon. Lenses incorporate sun-activated tinting and anti-glare coatings for consistent focus.,123,Personal Accessories,0.00,P70PA3EW11.jpg,Eyewear,Pink,0.0,993,Capri,2007-04-01 00:00:00.0,Capri,961,Women's,Antoni,,753,852,919,123130
Capri sunglasses are a style icon. Lenses incorporate sun-activated tinting and anti-glare coatings for consistent focus.,123,Personal Accessories,0.00,P70PA3EW11.jpg,Eyewear,Red,0.0,993,Capri,2005-10-01 00:00:00.0,Capri,961,Women's,Antoni,,753,852,922,123140
Capri sunglasses are a style icon. Lenses incorporate sun-activated tinting and anti-glare coatings for consistent focus.,123,Personal Accessories,0.00,P70PA3EW11.jpg,Eyewear,White,0.0,993,Capri,2006-10-01 00:00:00.0,Capri,961,Women's,Antoni,,753,852,925,123150
Capri sunglasses are a style icon. Lenses incorporate sun-activated tinting and anti-glare coatings for consistent focus.,123,Personal Accessories,0.00,P70PA3EW11.jpg,Eyewear,Yellow,0.0,993,Capri,2003-01-01 00:00:00.0,Capri,961,Women's,Antoni,2005-06-30 00:00:00.0,753,852,926,123160
"Cat Eye sunglasses are made with a vibrant, high-density plastic. Lenses are scratch resistant.",124,Personal Accessories,0.00,P70PA3EW11.jpg,Eyewear,Brown,0.0,993,Cat Eye,2003-01-01 00:00:00.0,Cat Eye,961,Women's,Trakker,,757,852,906,124110
"Cat Eye sunglasses are made with a vibrant, high-density plastic. Lenses are scratch resistant.",124,Personal Accessories,0.00,P70PA3EW11.jpg,Eyewear,Green,0.0,993,Cat Eye,2004-10-01 00:00:00.0,Cat Eye,961,Women's,Trakker,,757,852,912,124120
"Cat Eye sunglasses are made with a vibrant, high-density plastic. Lenses are scratch resistant.",124,Personal Accessories,0.00,P70PA3EW11.jpg,Eyewear,Orange,0.0,993,Cat Eye,2003-01-01 00:00:00.0,Cat Eye,961,Women's,Trakker,2006-02-28 00:00:00.0,757,852,918,124130
"Cat Eye sunglasses are made with a vibrant, high-density plastic. Lenses are scratch resistant.",124,Personal Accessories,0.00,P70PA3EW11.jpg,Eyewear,Pink,0.0,993,Cat Eye,2003-01-01 00:00:00.0,Cat Eye,961,Women's,Trakker,2006-10-31 00:00:00.0,757,852,919,124140
"Cat Eye sunglasses are made with a vibrant, high-density plastic. Lenses are scratch resistant.",124,Personal Accessories,0.00,P70PA3EW11.jpg,Eyewear,Red,0.0,993,Cat Eye,2006-04-01 00:00:00.0,Cat Eye,961,Women's,Trakker,,757,852,922,124150
"Cat Eye sunglasses are made with a vibrant, high-density plastic. Lenses are scratch resistant.",124,Personal Accessories,0.00,P70PA3EW11.jpg,Eyewear,White,0.0,993,Cat Eye,2006-10-01 00:00:00.0,Cat Eye,961,Women's,Trakker,,757,852,925,124160
"Cat Eye sunglasses are made with a vibrant, high-density plastic. Lenses are scratch resistant.",124,Personal Accessories,0.00,P70PA3EW11.jpg,Eyewear,Yellow,0.0,993,Cat Eye,2005-09-01 00:00:00.0,Cat Eye,961,Women's,Trakker,,757,852,926,124170
"Cat Eye sunglasses are made with a vibrant, high-density plastic. Lenses are scratch resistant.",124,Personal Accessories,0.00,P70PA3EW11.jpg,Eyewear,Camouflage,0.0,993,Cat Eye,2006-10-01 00:00:00.0,Cat Eye,961,Women's,Trakker,,757,852,927,124180
"Cat Eye sunglasses are made with a vibrant, high-density plastic. Lenses are scratch resistant.",124,Personal Accessories,0.00,P70PA3EW11.jpg,Eyewear,Black,0.0,993,Cat Eye,2003-01-01 00:00:00.0,Cat Eye,961,Women's,Trakker,,757,852,902,124190
"The Venue has a fun and fashionable oversized watch face, with a bright colored synthetic leather strap.",125,Personal Accessories,0.00,P65PA3WT10.jpg,Watches,Black,0.0,993,Venue,2003-01-01 00:00:00.0,Venue,960,One-size,Relax,,756,853,902,125110
"The Venue has a fun and fashionable oversized watch face, with a bright colored synthetic leather strap.",125,Personal Accessories,0.00,P65PA3WT10.jpg,Watches,Green,0.0,993,Venue,2003-01-01 00:00:00.0,Venue,960,One-size,Relax,2007-03-31 00:00:00.0,756,853,912,125120
"The Venue has a fun and fashionable oversized watch face, with a bright colored synthetic leather strap.",125,Personal Accessories,0.00,P65PA3WT10.jpg,Watches,Orange,0.0,993,Venue,2007-07-01 00:00:00.0,Venue,960,One-size,Relax,,756,853,918,125130
"The Venue has a fun and fashionable oversized watch face, with a bright colored synthetic leather strap.",125,Personal Accessories,0.00,P65PA3WT10.jpg,Watches,Pink,0.0,993,Venue,2003-01-01 00:00:00.0,Venue,960,One-size,Relax,2005-12-31 00:00:00.0,756,853,919,125140
"The Venue has a fun and fashionable oversized watch face, with a bright colored synthetic leather strap.",125,Personal Accessories,0.00,P65PA3WT10.jpg,Watches,White,0.0,993,Venue,2006-10-01 00:00:00.0,Venue,960,One-size,Relax,,756,853,925,125160
"The Venue has a fun and fashionable oversized watch face, with a bright colored synthetic leather strap.",125,Personal Accessories,0.00,P65PA3WT10.jpg,Watches,Yellow,0.0,993,Venue,2003-01-01 00:00:00.0,Venue,960,One-size,Relax,2004-11-30 00:00:00.0,756,853,926,125170
Dante sunglasses have polarized antiglare lenses.  The frames come in a range of brilliant colors.,126,Personal Accessories,0.00,P70PA3EW11.jpg,Eyewear,Blue,0.0,993,Dante,2003-01-01 00:00:00.0,Dante,961,Women's,Antoni,2007-06-30 00:00:00.0,753,852,903,126110
Dante sunglasses have polarized antiglare lenses.  The frames come in a range of brilliant colors.,126,Personal Accessories,0.00,P70PA3EW11.jpg,Eyewear,Orange,0.0,993,Dante,2005-06-01 00:00:00.0,Dante,961,Women's,Antoni,,753,852,918,126120
Dante sunglasses have polarized antiglare lenses.  The frames come in a range of brilliant colors.,126,Personal Accessories,0.00,P70PA3EW11.jpg,Eyewear,Pink,0.0,993,Dante,2003-01-01 00:00:00.0,Dante,961,Women's,Antoni,2006-10-31 00:00:00.0,753,852,919,126130
Dante sunglasses have polarized antiglare lenses.  The frames come in a range of brilliant colors.,126,Personal Accessories,0.00,P70PA3EW11.jpg,Eyewear,Red,0.0,993,Dante,2003-01-01 00:00:00.0,Dante,961,Women's,Antoni,,753,852,922,126140
Dante sunglasses have polarized antiglare lenses.  The frames come in a range of brilliant colors.,126,Personal Accessories,0.00,P70PA3EW11.jpg,Eyewear,Silver,0.0,993,Dante,2006-06-01 00:00:00.0,Dante,961,Women's,Antoni,,753,852,923,126150
Fairway sunglasses offer complete ultraviolet protection and have a patented soft-frame construction for perfect comfort and fit.,127,Personal Accessories,0.00,P70PA3EW11.jpg,Eyewear,Black,0.0,993,Fairway,2003-01-01 00:00:00.0,Fairway,961,Men's,Alpha,,752,851,902,127110
Fairway sunglasses offer complete ultraviolet protection and have a patented soft-frame construction for perfect comfort and fit.,127,Personal Accessories,0.00,P70PA3EW11.jpg,Eyewear,Blue,0.0,993,Fairway,2006-01-01 00:00:00.0,Fairway,961,Men's,Alpha,,752,851,903,127120
Fairway sunglasses offer complete ultraviolet protection and have a patented soft-frame construction for perfect comfort and fit.,127,Personal Accessories,0.00,P70PA3EW11.jpg,Eyewear,Brown,0.0,993,Fairway,2003-01-01 00:00:00.0,Fairway,961,Men's,Alpha,,752,851,906,127130
Fairway sunglasses offer complete ultraviolet protection and have a patented soft-frame construction for perfect comfort and fit.,127,Personal Accessories,0.00,P70PA3EW11.jpg,Eyewear,Green,0.0,993,Fairway,2006-08-01 00:00:00.0,Fairway,961,Men's,Alpha,,752,851,912,127140
Fairway sunglasses offer complete ultraviolet protection and have a patented soft-frame construction for perfect comfort and fit.,127,Personal Accessories,0.00,P70PA3EW11.jpg,Eyewear,Orange,0.0,993,Fairway,2003-01-01 00:00:00.0,Fairway,961,Men's,Alpha,2005-09-30 00:00:00.0,752,851,918,127150
"Inferno sunglasses have polarized, antiglare lenses and fiberglass frames. They come with a 5 year warranty.",128,Personal Accessories,0.00,P70PA3EW11.jpg,Eyewear,Green,0.0,993,Inferno,2006-08-01 00:00:00.0,Inferno,961,Women's,Epoch,,754,852,912,128110
"Inferno sunglasses have polarized, antiglare lenses and fiberglass frames. They come with a 5 year warranty.",128,Personal Accessories,0.00,P70PA3EW11.jpg,Eyewear,Orange,0.0,993,Inferno,2007-06-01 00:00:00.0,Inferno,961,Women's,Epoch,,754,852,918,128120
"Inferno sunglasses have polarized, antiglare lenses and fiberglass frames. They come with a 5 year warranty.",128,Personal Accessories,0.00,P70PA3EW11.jpg,Eyewear,Red,0.0,993,Inferno,2006-04-01 00:00:00.0,Inferno,961,Women's,Epoch,,754,852,922,128130
"Inferno sunglasses have polarized, antiglare lenses and fiberglass frames. They come with a 5 year warranty.",128,Personal Accessories,0.00,P70PA3EW11.jpg,Eyewear,Black,0.0,993,Inferno,2003-01-01 00:00:00.0,Inferno,961,Men's,Epoch,,754,851,902,128140
"Inferno sunglasses have polarized, antiglare lenses and fiberglass frames. They come with a 5 year warranty.",128,Personal Accessories,0.00,P70PA3EW11.jpg,Eyewear,Blue,0.0,993,Inferno,2003-01-01 00:00:00.0,Inferno,961,Men's,Epoch,2007-06-30 00:00:00.0,754,851,903,128150
"Inferno sunglasses have polarized, antiglare lenses and fiberglass frames. They come with a 5 year warranty.",128,Personal Accessories,0.00,P70PA3EW11.jpg,Eyewear,Green,0.0,993,Inferno,2007-01-01 00:00:00.0,Inferno,961,Men's,Epoch,,754,851,912,128160
"Inferno sunglasses have polarized, antiglare lenses and fiberglass frames. They come with a 5 year warranty.",128,Personal Accessories,0.00,P70PA3EW11.jpg,Eyewear,Red,0.0,993,Inferno,2007-04-01 00:00:00.0,Inferno,961,Men's,Epoch,,754,851,922,128170
"Inferno sunglasses have polarized, antiglare lenses and fiberglass frames. They come with a 5 year warranty.",128,Personal Accessories,0.00,P70PA3EW11.jpg,Eyewear,Silver,0.0,993,Inferno,2006-08-01 00:00:00.0,Inferno,961,Men's,Epoch,,754,851,923,128180
"Inferno sunglasses have polarized, antiglare lenses and fiberglass frames. They come with a 5 year warranty.",128,Personal Accessories,0.00,P70PA3EW11.jpg,Eyewear,Yellow,0.0,993,Inferno,2003-01-01 00:00:00.0,Inferno,961,Men's,Epoch,2005-10-31 00:00:00.0,754,851,926,128190
"Inferno sunglasses have polarized, antiglare lenses and fiberglass frames. They come with a 5 year warranty.",128,Personal Accessories,0.00,P70PA3EW11.jpg,Eyewear,Camouflage,0.0,993,Inferno,2005-10-01 00:00:00.0,Inferno,961,Men's,Epoch,,754,851,927,128200
"Inferno sunglasses have polarized, antiglare lenses and fiberglass frames. They come with a 5 year warranty.",128,Personal Accessories,0.00,P70PA3EW11.jpg,Eyewear,Black,0.0,993,Inferno,2005-01-01 00:00:00.0,Inferno,961,Women's,Epoch,,754,852,902,128210
The Infinity offers the highest quality Swiss movement and comes with a life-time warranty.,129,Personal Accessories,0.00,P63PA3WT10.jpg,Watches,Black,0.0,993,Infinity,2004-10-01 00:00:00.0,Infinity,960,Women's,Epoch,,754,852,902,129110
The Infinity offers the highest quality Swiss movement and comes with a life-time warranty.,129,Personal Accessories,0.00,P63PA3WT10.jpg,Watches,Blue,0.0,993,Infinity,2006-01-01 00:00:00.0,Infinity,960,Women's,Epoch,,754,852,903,129120
The Infinity offers the highest quality Swiss movement and comes with a life-time warranty.,129,Personal Accessories,0.00,P63PA3WT10.jpg,Watches,Red,0.0,993,Infinity,2004-02-01 00:00:00.0,Infinity,960,Women's,Epoch,,754,852,922,129130
The Infinity offers the highest quality Swiss movement and comes with a life-time warranty.,129,Personal Accessories,0.00,P63PA3WT10.jpg,Watches,Yellow,0.0,993,Infinity,2007-04-01 00:00:00.0,Infinity,960,Men's,Epoch,,754,851,926,129140
The Infinity offers the highest quality Swiss movement and comes with a life-time warranty.,129,Personal Accessories,0.00,P63PA3WT10.jpg,Watches,Black,0.0,993,Infinity,2005-01-01 00:00:00.0,Infinity,960,Men's,Epoch,,754,851,902,129150
The Infinity offers the highest quality Swiss movement and comes with a life-time warranty.,129,Personal Accessories,0.00,P63PA3WT10.jpg,Watches,Yellow,0.0,993,Infinity,2003-01-01 00:00:00.0,Infinity,960,Men's,Epoch,2005-12-31 00:00:00.0,754,851,926,129160
The Infinity offers the highest quality Swiss movement and comes with a life-time warranty.,129,Personal Accessories,0.00,P63PA3WT10.jpg,Watches,Blue,0.0,993,Infinity,2006-01-01 00:00:00.0,Infinity,960,Men's,Epoch,,754,851,903,129170
The Infinity offers the highest quality Swiss movement and comes with a life-time warranty.,129,Personal Accessories,0.00,P63PA3WT10.jpg,Watches,Red,0.0,993,Infinity,2003-01-01 00:00:00.0,Infinity,960,Men's,Epoch,,754,851,922,129180
The Lux watch is a precision Swiss quartz movement. It comes with a 10 year warranty.,130,Personal Accessories,0.00,P65PA3WT10.jpg,Watches,Black,0.0,993,Lux,2003-01-01 00:00:00.0,Lux,960,One-size,Xray,,758,853,902,130110
The Lux watch is a precision Swiss quartz movement. It comes with a 10 year warranty.,130,Personal Accessories,0.00,P65PA3WT10.jpg,Watches,Brown,0.0,993,Lux,2006-10-01 00:00:00.0,Lux,960,One-size,Xray,,758,853,906,130120
The Lux watch is a precision Swiss quartz movement. It comes with a 10 year warranty.,130,Personal Accessories,0.00,P65PA3WT10.jpg,Watches,Silver,0.0,993,Lux,2003-01-01 00:00:00.0,Lux,960,One-size,Xray,,758,853,923,130130
The Lux watch is a precision Swiss quartz movement. It comes with a 10 year warranty.,130,Personal Accessories,0.00,P65PA3WT10.jpg,Watches,White,0.0,993,Lux,2007-01-01 00:00:00.0,Lux,960,One-size,Xray,,758,853,925,130140
The Lux watch is a precision Swiss quartz movement. It comes with a 10 year warranty.,130,Personal Accessories,0.00,P65PA3WT10.jpg,Watches,Yellow,0.0,993,Lux,2007-04-01 00:00:00.0,Lux,960,One-size,Xray,,758,853,926,130150
"A versatile pocket tool that includes LED light, 1GB memory stick, pen, serrated blade, corkscrew and serrated cutter. Comes with a life time warranty.",131,Personal Accessories,0.00,P75PA3KV12.jpg,Knives,Red,0.0,993,Max Gizmo,2004-05-01 00:00:00.0,Max Gizmo,962,11 cm,Trakker,,757,811,922,131110
"A versatile pocket tool that includes LED light, 1GB memory stick, pen, serrated blade, corkscrew and serrated cutter. Comes with a life time warranty.",131,Personal Accessories,0.00,P75PA3KV12.jpg,Knives,Silver,0.0,993,Max Gizmo,2003-01-01 00:00:00.0,Max Gizmo,962,11 cm,Trakker,,757,811,923,131120
"A versatile pocket tool that includes LED light, 1GB memory stick, pen, serrated blade, corkscrew and serrated cutter. Comes with a life time warranty.",131,Personal Accessories,0.00,P75PA3KV12.jpg,Knives,Camouflage,0.0,993,Max Gizmo,2006-01-01 00:00:00.0,Max Gizmo,962,11 cm,Trakker,,757,811,927,131130
Maximus sunglasses are the most durable eyewear on the market. They come with a 5-year unconditional warranty.,132,Personal Accessories,0.00,P70PA3EW11.jpg,Eyewear,Black,0.0,993,Maximus,2003-01-01 00:00:00.0,Maximus,961,Men's,Alpha,,752,851,902,132110
Maximus sunglasses are the most durable eyewear on the market. They come with a 5-year unconditional warranty.,132,Personal Accessories,0.00,P70PA3EW11.jpg,Eyewear,Brown,0.0,993,Maximus,2003-01-01 00:00:00.0,Maximus,961,Men's,Alpha,,752,851,906,132120
Maximus sunglasses are the most durable eyewear on the market. They come with a 5-year unconditional warranty.,132,Personal Accessories,0.00,P70PA3EW11.jpg,Eyewear,Orange,0.0,993,Maximus,2003-01-01 00:00:00.0,Maximus,961,Men's,Alpha,2005-03-31 00:00:00.0,752,851,918,132130
Maximus sunglasses are the most durable eyewear on the market. They come with a 5-year unconditional warranty.,132,Personal Accessories,0.00,P70PA3EW11.jpg,Eyewear,Red,0.0,993,Maximus,2006-06-01 00:00:00.0,Maximus,961,Men's,Alpha,,752,851,922,132140
Maximus sunglasses are the most durable eyewear on the market. They come with a 5-year unconditional warranty.,132,Personal Accessories,0.00,P70PA3EW11.jpg,Eyewear,Silver,0.0,993,Maximus,2005-04-01 00:00:00.0,Maximus,961,Men's,Alpha,,752,851,923,132150
Maximus sunglasses are the most durable eyewear on the market. They come with a 5-year unconditional warranty.,132,Personal Accessories,0.00,P70PA3EW11.jpg,Eyewear,Yellow,0.0,993,Maximus,2003-01-01 00:00:00.0,Maximus,961,Men's,Alpha,2004-12-31 00:00:00.0,752,851,926,132160
Maximus sunglasses are the most durable eyewear on the market. They come with a 5-year unconditional warranty.,132,Personal Accessories,0.00,P70PA3EW11.jpg,Eyewear,Camouflage,0.0,993,Maximus,2004-08-01 00:00:00.0,Maximus,961,Men's,Alpha,,752,851,927,132170
3.6x opera glasses maintain image and color fidelity in all lighting conditions. The brushed aluminum body fits snugly into any purse or pocket. Includes a soft leather case and carrying loop.,133,Personal Accessories,0.00,P81PA3BN13.jpg,Binoculars,Camouflage,0.0,993,Opera Vision,2003-01-01 00:00:00.0,Opera Vision,963,Unspecified,Antoni,2006-12-31 00:00:00.0,753,800,927,133110
"A compact tool that includes LED light, blade, tweezers, reamer, screwdriver, file, corkscrew and can opener.",134,Personal Accessories,0.00,P74PA3KV12.jpg,Knives,Blue,0.0,993,Pocket Gizmo,2003-01-01 00:00:00.0,Pocket Gizmo,962,8.4 cm,Trakker,2005-12-31 00:00:00.0,757,809,903,134110
"A compact tool that includes LED light, blade, tweezers, reamer, screwdriver, file, corkscrew and can opener.",134,Personal Accessories,0.00,P74PA3KV12.jpg,Knives,Red,0.0,993,Pocket Gizmo,2003-01-01 00:00:00.0,Pocket Gizmo,962,8.4 cm,Trakker,,757,809,922,134120
"A compact tool that includes LED light, blade, tweezers, reamer, screwdriver, file, corkscrew and can opener.",134,Personal Accessories,0.00,P74PA3KV12.jpg,Knives,Silver,0.0,993,Pocket Gizmo,2006-01-01 00:00:00.0,Pocket Gizmo,962,8.4 cm,Trakker,,757,809,923,134130
"A compact tool that includes LED light, blade, tweezers, reamer, screwdriver, file, corkscrew and can opener.",134,Personal Accessories,0.00,P74PA3KV12.jpg,Knives,Camouflage,0.0,993,Pocket Gizmo,2005-01-01 00:00:00.0,Pocket Gizmo,962,8.4 cm,Trakker,,757,809,927,134140
"8x27x50 zoom binoculars include compass and range-finding reticle, multi-coated optics, and textured rubber armoring. Waterproof and lightweight.",135,Personal Accessories,0.00,P80PA3BN13.jpg,Binoculars,Black,0.0,993,Ranger Vision,2003-01-01 00:00:00.0,Ranger Vision,963,Unspecified,Trakker,,757,800,902,135110
"8x27x50 zoom binoculars include compass and range-finding reticle, multi-coated optics, and textured rubber armoring. Waterproof and lightweight.",135,Personal Accessories,0.00,P80PA3BN13.jpg,Binoculars,Silver,0.0,993,Ranger Vision,2003-01-01 00:00:00.0,Ranger Vision,963,Unspecified,Trakker,,757,800,923,135120
"8x27x50 zoom binoculars include compass and range-finding reticle, multi-coated optics, and textured rubber armoring. Waterproof and lightweight.",135,Personal Accessories,0.00,P80PA3BN13.jpg,Binoculars,Camouflage,0.0,993,Ranger Vision,2005-04-01 00:00:00.0,Ranger Vision,963,Unspecified,Trakker,,757,800,927,135130
"The Sam watch has a sophisticated quartz movement, and both analog and digital time display.  Comes with a 5 year warranty.",136,Personal Accessories,0.00,P65PA3WT10.jpg,Watches,Black,0.0,993,Sam,2007-01-01 00:00:00.0,Sam,960,One-size,Relax,,756,853,902,136110
"The Sam watch has a sophisticated quartz movement, and both analog and digital time display.  Comes with a 5 year warranty.",136,Personal Accessories,0.00,P65PA3WT10.jpg,Watches,Orange,0.0,993,Sam,2003-01-01 00:00:00.0,Sam,960,One-size,Relax,2004-11-30 00:00:00.0,756,853,918,136120
"The Sam watch has a sophisticated quartz movement, and both analog and digital time display.  Comes with a 5 year warranty.",136,Personal Accessories,0.00,P65PA3WT10.jpg,Watches,Pink,0.0,993,Sam,2006-07-01 00:00:00.0,Sam,960,One-size,Relax,,756,853,919,136130
"The Sam watch has a sophisticated quartz movement, and both analog and digital time display.  Comes with a 5 year warranty.",136,Personal Accessories,0.00,P65PA3WT10.jpg,Watches,Red,0.0,993,Sam,2003-01-01 00:00:00.0,Sam,960,One-size,Relax,,756,853,922,136140
"The Sam watch has a sophisticated quartz movement, and both analog and digital time display.  Comes with a 5 year warranty.",136,Personal Accessories,0.00,P65PA3WT10.jpg,Watches,Yellow,0.0,993,Sam,2007-04-01 00:00:00.0,Sam,960,One-size,Relax,,756,853,926,136150
"A rubberized and water-resistant GPS receiver that includes a 70mm color screen, electronic compass and altimeter. Uses a 64MB memory card. Requires two AA batteries for 18 hours of service. Weighs 238 grams.",140,Personal Accessories,0.00,P85PA3NV14.jpg,Navigation,Black,0.0,993,Trail Master,2003-01-01 00:00:00.0,Trail Master,964,Unspecified,Alpha,2005-05-31 00:00:00.0,752,800,902,140110
This highly portable GPS has an 80mm color screen. Requires two AA batteries for 18 hours of service. Uses a 22MB memory card. Weighs 210 grams.,141,Personal Accessories,0.00,P85PA3NV14.jpg,Navigation,Black,0.0,993,Trail Scout,2003-01-01 00:00:00.0,Trail Scout,964,Unspecified,Alpha,2006-05-31 00:00:00.0,752,800,902,141110
A light-weight GPS receiver with a 56mm monochrome display and 24MB internal memory. Requires two AA batteries for 26 hours of service. Weighs only 156 grams.,142,Personal Accessories,0.00,P84PA3NV14.jpg,Navigation,Silver,0.0,993,Trail Star,2003-01-01 00:00:00.0,Trail Star,964,Unspecified,Alpha,2005-02-28 00:00:00.0,752,800,923,142110
"Trendi sunglasses feature a sporty, stylish, wrap-around design. Soft rocker nose pads and rubberized temple ends provide the ultimate in comfort.",143,Personal Accessories,0.00,P70PA3EW11.jpg,Eyewear,Black,0.0,993,Trendi,2003-01-01 00:00:00.0,Trendi,961,One-size,Relax,,756,853,902,143110
"Trendi sunglasses feature a sporty, stylish, wrap-around design. Soft rocker nose pads and rubberized temple ends provide the ultimate in comfort.",143,Personal Accessories,0.00,P70PA3EW11.jpg,Eyewear,Brown,0.0,993,Trendi,2003-01-01 00:00:00.0,Trendi,961,One-size,Relax,,756,853,906,143120
"Trendi sunglasses feature a sporty, stylish, wrap-around design. Soft rocker nose pads and rubberized temple ends provide the ultimate in comfort.",143,Personal Accessories,0.00,P70PA3EW11.jpg,Eyewear,Pink,0.0,993,Trendi,2003-01-01 00:00:00.0,Trendi,961,One-size,Relax,2006-07-31 00:00:00.0,756,853,919,143130
"Trendi sunglasses feature a sporty, stylish, wrap-around design. Soft rocker nose pads and rubberized temple ends provide the ultimate in comfort.",143,Personal Accessories,0.00,P70PA3EW11.jpg,Eyewear,Silver,0.0,993,Trendi,2006-04-01 00:00:00.0,Trendi,961,One-size,Relax,,756,853,923,143140
"Trendi sunglasses feature a sporty, stylish, wrap-around design. Soft rocker nose pads and rubberized temple ends provide the ultimate in comfort.",143,Personal Accessories,0.00,P70PA3EW11.jpg,Eyewear,White,0.0,993,Trendi,2007-04-01 00:00:00.0,Trendi,961,One-size,Relax,,756,853,925,143150
The TX watch offers 4 separate times.  The synthetic band is durable yet breathable.,144,Personal Accessories,0.00,P63PA3WT10.jpg,Watches,Blue,0.0,993,TX,2003-01-01 00:00:00.0,TX,960,Men's,Xray,2006-07-31 00:00:00.0,758,851,903,144110
The TX watch offers 4 separate times.  The synthetic band is durable yet breathable.,144,Personal Accessories,0.00,P63PA3WT10.jpg,Watches,Brown,0.0,993,TX,2003-01-01 00:00:00.0,TX,960,Men's,Xray,,758,851,906,144120
The TX watch offers 4 separate times.  The synthetic band is durable yet breathable.,144,Personal Accessories,0.00,P63PA3WT10.jpg,Watches,Green,0.0,993,TX,2007-01-01 00:00:00.0,TX,960,Men's,Xray,,758,851,912,144130
The TX watch offers 4 separate times.  The synthetic band is durable yet breathable.,144,Personal Accessories,0.00,P63PA3WT10.jpg,Watches,Yellow,0.0,993,TX,2003-01-01 00:00:00.0,TX,960,Men's,Xray,2005-09-30 00:00:00.0,758,851,926,144140
The TX watch offers 4 separate times.  The synthetic band is durable yet breathable.,144,Personal Accessories,0.00,P63PA3WT10.jpg,Watches,Camouflage,0.0,993,TX,2003-01-01 00:00:00.0,TX,960,Women's,Xray,,758,852,927,144150
The TX watch offers 4 separate times.  The synthetic band is durable yet breathable.,144,Personal Accessories,0.00,P63PA3WT10.jpg,Watches,Blue,0.0,993,TX,2006-04-01 00:00:00.0,TX,960,Women's,Xray,,758,852,903,144160
The TX watch offers 4 separate times.  The synthetic band is durable yet breathable.,144,Personal Accessories,0.00,P63PA3WT10.jpg,Watches,Red,0.0,993,TX,2003-01-01 00:00:00.0,TX,960,Women's,Xray,,758,852,922,144170
The TX watch offers 4 separate times.  The synthetic band is durable yet breathable.,144,Personal Accessories,0.00,P63PA3WT10.jpg,Watches,Silver,0.0,993,TX,2003-01-01 00:00:00.0,TX,960,Men's,Xray,,758,851,923,144180
The TX watch offers 4 separate times.  The synthetic band is durable yet breathable.,144,Personal Accessories,0.00,P63PA3WT10.jpg,Watches,Yellow,0.0,993,TX,2003-01-01 00:00:00.0,TX,960,Women's,Xray,2005-03-31 00:00:00.0,758,852,926,144190
The TX watch offers 4 separate times.  The synthetic band is durable yet breathable.,144,Personal Accessories,0.00,P63PA3WT10.jpg,Watches,Camouflage,0.0,993,TX,2005-10-01 00:00:00.0,TX,960,Men's,Xray,,758,851,927,144200
"Solid titanium case, crown, bezel.  Combination nylon and rubber strap. Analog representation on digital interface.  Backlit, hardened mineral crystal, water-resistant to 100 meters.",145,Personal Accessories,0.00,P67PA3WT10.jpg,Watches,Green,0.0,993,Legend,2003-01-01 00:00:00.0,Legend,960,Women's,Epoch,2005-09-30 00:00:00.0,754,852,912,145110
"Solid titanium case, crown, bezel.  Combination nylon and rubber strap. Analog representation on digital interface.  Backlit, hardened mineral crystal, water-resistant to 100 meters.",145,Personal Accessories,0.00,P67PA3WT10.jpg,Watches,Brown,0.0,993,Legend,2006-10-01 00:00:00.0,Legend,960,Women's,Epoch,,754,852,906,145120
"Solid titanium case, crown, bezel.  Combination nylon and rubber strap. Analog representation on digital interface.  Backlit, hardened mineral crystal, water-resistant to 100 meters.",145,Personal Accessories,0.00,P67PA3WT10.jpg,Watches,Silver,0.0,993,Legend,2003-01-01 00:00:00.0,Legend,960,Women's,Epoch,,754,852,923,145130
"Solid titanium case, crown, bezel.  Combination nylon and rubber strap. Analog representation on digital interface.  Backlit, hardened mineral crystal, water-resistant to 100 meters.",145,Personal Accessories,0.00,P67PA3WT10.jpg,Watches,Black,0.0,993,Legend,2006-07-01 00:00:00.0,Legend,960,Men's,Epoch,,754,851,902,145140
"Solid titanium case, crown, bezel.  Combination nylon and rubber strap. Analog representation on digital interface.  Backlit, hardened mineral crystal, water-resistant to 100 meters.",145,Personal Accessories,0.00,P67PA3WT10.jpg,Watches,Orange,0.0,993,Legend,2003-01-01 00:00:00.0,Legend,960,Women's,Epoch,2004-12-31 00:00:00.0,754,852,918,145150
"Solid titanium case, crown, bezel.  Combination nylon and rubber strap. Analog representation on digital interface.  Backlit, hardened mineral crystal, water-resistant to 100 meters.",145,Personal Accessories,0.00,P67PA3WT10.jpg,Watches,Pink,0.0,993,Legend,2003-01-01 00:00:00.0,Legend,960,Men's,Epoch,2006-03-31 00:00:00.0,754,851,919,145160
"Solid titanium case, crown, bezel.  Combination nylon and rubber strap. Analog representation on digital interface.  Backlit, hardened mineral crystal, water-resistant to 100 meters.",145,Personal Accessories,0.00,P67PA3WT10.jpg,Watches,Silver,0.0,993,Legend,2003-01-01 00:00:00.0,Legend,960,Men's,Epoch,,754,851,923,145170
"Solid titanium case, crown, bezel.  Combination nylon and rubber strap. Analog representation on digital interface.  Backlit, hardened mineral crystal, water-resistant to 100 meters.",145,Personal Accessories,0.00,P67PA3WT10.jpg,Watches,White,0.0,993,Legend,2006-04-01 00:00:00.0,Legend,960,Women's,Epoch,,754,852,925,145180
"The Zodiak has a durable synthetic leather strap, digital face, hardened crystal, and is water-resistant to 100 meters.",146,Personal Accessories,0.00,P66PA3WT10.jpg,Watches,Blue,0.0,993,Zodiak,2006-01-01 00:00:00.0,Zodiak,960,Women's,Trakker,,757,852,903,146110
"The Zodiak has a durable synthetic leather strap, digital face, hardened crystal, and is water-resistant to 100 meters.",146,Personal Accessories,0.00,P66PA3WT10.jpg,Watches,Brown,0.0,993,Zodiak,2005-04-01 00:00:00.0,Zodiak,960,Women's,Trakker,,757,852,906,146120
"The Zodiak has a durable synthetic leather strap, digital face, hardened crystal, and is water-resistant to 100 meters.",146,Personal Accessories,0.00,P66PA3WT10.jpg,Watches,Green,0.0,993,Zodiak,2005-10-01 00:00:00.0,Zodiak,960,Women's,Trakker,,757,852,912,146130
"The Zodiak has a durable synthetic leather strap, digital face, hardened crystal, and is water-resistant to 100 meters.",146,Personal Accessories,0.00,P66PA3WT10.jpg,Watches,Silver,0.0,993,Zodiak,2005-07-01 00:00:00.0,Zodiak,960,Women's,Trakker,,757,852,923,146140
Zone sunglasses are scratch-resistant and offer full protection from ultraviolet light.,147,Personal Accessories,0.00,P70PA3EW11.jpg,Eyewear,Black,0.0,993,Zone,2003-01-01 00:00:00.0,Zone,961,Women's,Relax,,756,852,902,147110
Zone sunglasses are scratch-resistant and offer full protection from ultraviolet light.,147,Personal Accessories,0.00,P70PA3EW11.jpg,Eyewear,Blue,0.0,993,Zone,2003-01-01 00:00:00.0,Zone,961,Women's,Relax,2007-06-30 00:00:00.0,756,852,903,147120
Zone sunglasses are scratch-resistant and offer full protection from ultraviolet light.,147,Personal Accessories,0.00,P70PA3EW11.jpg,Eyewear,Brown,0.0,993,Zone,2003-01-01 00:00:00.0,Zone,961,Women's,Relax,,756,852,906,147130
Zone sunglasses are scratch-resistant and offer full protection from ultraviolet light.,147,Personal Accessories,0.00,P70PA3EW11.jpg,Eyewear,Silver,0.0,993,Zone,2006-01-01 00:00:00.0,Zone,961,Women's,Relax,,756,852,923,147140
Zone sunglasses are scratch-resistant and offer full protection from ultraviolet light.,147,Personal Accessories,0.00,P70PA3EW11.jpg,Eyewear,Camouflage,0.0,993,Zone,2004-08-01 00:00:00.0,Zone,961,Men's,Relax,,756,851,927,147150
Zone sunglasses are scratch-resistant and offer full protection from ultraviolet light.,147,Personal Accessories,0.00,P70PA3EW11.jpg,Eyewear,Black,0.0,993,Zone,2003-01-01 00:00:00.0,Zone,961,Men's,Relax,,756,851,902,147160
Zone sunglasses are scratch-resistant and offer full protection from ultraviolet light.,147,Personal Accessories,0.00,P70PA3EW11.jpg,Eyewear,Brown,0.0,993,Zone,2003-01-01 00:00:00.0,Zone,961,Men's,Relax,,756,851,906,147170
Zone sunglasses are scratch-resistant and offer full protection from ultraviolet light.,147,Personal Accessories,0.00,P70PA3EW11.jpg,Eyewear,Silver,0.0,993,Zone,2003-01-01 00:00:00.0,Zone,961,Men's,Relax,,756,851,923,147180
Zone sunglasses are scratch-resistant and offer full protection from ultraviolet light.,147,Personal Accessories,0.00,P70PA3EW11.jpg,Eyewear,Camouflage,0.0,993,Zone,2007-01-01 00:00:00.0,Zone,961,Women's,Relax,,756,852,927,147190
Hawk Eye sunglasses are feather light and offer 100% ultraviolet protection.,148,Personal Accessories,0.00,P70PA3EW11.jpg,Eyewear,Black,0.0,993,Hawk Eye,2004-04-01 00:00:00.0,Hawk Eye,961,Men's,Trakker,,757,851,902,148110
Hawk Eye sunglasses are feather light and offer 100% ultraviolet protection.,148,Personal Accessories,0.00,P70PA3EW11.jpg,Eyewear,Brown,0.0,993,Hawk Eye,2004-04-01 00:00:00.0,Hawk Eye,961,Men's,Trakker,,757,851,906,148120
Hawk Eye sunglasses are feather light and offer 100% ultraviolet protection.,148,Personal Accessories,0.00,P70PA3EW11.jpg,Eyewear,Camouflage,0.0,993,Hawk Eye,2004-06-01 00:00:00.0,Hawk Eye,961,Men's,Trakker,,757,851,927,148130
Retro sunglasses are inspired by last-century design and new-century resin technology. Available in an array of classic colors.,149,Personal Accessories,0.00,P70PA3EW11.jpg,Eyewear,Blue,0.0,993,Retro,2007-06-01 00:00:00.0,Retro,961,Women's,Epoch,,754,852,903,149110
Retro sunglasses are inspired by last-century design and new-century resin technology. Available in an array of classic colors.,149,Personal Accessories,0.00,P70PA3EW11.jpg,Eyewear,Green,0.0,993,Retro,2005-06-01 00:00:00.0,Retro,961,Men's,Epoch,,754,851,912,149120
Retro sunglasses are inspired by last-century design and new-century resin technology. Available in an array of classic colors.,149,Personal Accessories,0.00,P70PA3EW11.jpg,Eyewear,Orange,0.0,993,Retro,2005-06-01 00:00:00.0,Retro,961,Women's,Epoch,,754,852,918,149130
Retro sunglasses are inspired by last-century design and new-century resin technology. Available in an array of classic colors.,149,Personal Accessories,0.00,P70PA3EW11.jpg,Eyewear,Red,0.0,993,Retro,2005-04-01 00:00:00.0,Retro,961,Women's,Epoch,,754,852,922,149140
Retro sunglasses are inspired by last-century design and new-century resin technology. Available in an array of classic colors.,149,Personal Accessories,0.00,P70PA3EW11.jpg,Eyewear,White,0.0,993,Retro,2007-01-01 00:00:00.0,Retro,961,Women's,Epoch,,754,852,925,149150
Retro sunglasses are inspired by last-century design and new-century resin technology. Available in an array of classic colors.,149,Personal Accessories,0.00,P70PA3EW11.jpg,Eyewear,Yellow,0.0,993,Retro,2005-09-01 00:00:00.0,Retro,961,Men's,Epoch,,754,851,926,149160
This GPS has a high-contrast 86mm color screen that is viewable in sunlight. Requires four AA batteries for 15 hours of service. Uses a 30MB memory card. Weighs 340 grams.,151,Personal Accessories,0.00,P84PA3NV14.jpg,Navigation,Black,0.0,993,Astro Pilot,2005-06-01 00:00:00.0,Astro Pilot,964,Unspecified,Trakker,,757,800,902,151110
This GPS has a high-contrast 86mm color screen that is viewable in sunlight. Requires four AA batteries for 15 hours of service. Uses a 30MB memory card. Weighs 340 grams.,151,Personal Accessories,0.00,P84PA3NV14.jpg,Navigation,Silver,0.0,993,Astro Pilot,2007-02-01 00:00:00.0,Astro Pilot,964,Unspecified,Trakker,,757,800,923,151120
This GPS has a high-contrast 86mm color screen that is viewable in sunlight. Requires four AA batteries for 15 hours of service. Uses a 30MB memory card. Weighs 340 grams.,151,Personal Accessories,0.00,P84PA3NV14.jpg,Navigation,Yellow,0.0,993,Astro Pilot,2007-02-01 00:00:00.0,Astro Pilot,964,Unspecified,Trakker,,757,800,926,151130
"Small and lightweight, this GPS has a 55mm color screen and comes with a 32MB memory card. It includes an electronic compass and altimeter. Base maps are included. Requires two AA batteries for 18 hours of service. Weighs only 160 grams.",152,Personal Accessories,0.00,P85PA3NV14.jpg,Navigation,Black,0.0,993,Sky Pilot,2005-06-01 00:00:00.0,Sky Pilot,964,Unspecified,Trakker,,757,800,902,152110
The Auto Pilot is an easy-to-use navigation system for the road. A 90mm color touchscreen and audio directions make exploration fast and fun. Comes with preloaded maps.,153,Personal Accessories,0.00,P85PA3NV14.jpg,Navigation,Silver,0.0,993,Auto Pilot,2006-06-01 00:00:00.0,Auto Pilot,964,Unspecified,Trakker,,757,800,923,153110
"The Kodiak includes a tough leather strap, precision Swiss quartz movement, with luminous hands and markers.",154,Personal Accessories,0.00,P67PA3WT10.jpg,Watches,Blue,0.0,993,Kodiak,2003-01-01 00:00:00.0,Kodiak,960,Men's,Trakker,2006-07-31 00:00:00.0,757,851,903,154110
"The Kodiak includes a tough leather strap, precision Swiss quartz movement, with luminous hands and markers.",154,Personal Accessories,0.00,P67PA3WT10.jpg,Watches,Brown,0.0,993,Kodiak,2003-01-01 00:00:00.0,Kodiak,960,Men's,Trakker,,757,851,906,154120
"The Kodiak includes a tough leather strap, precision Swiss quartz movement, with luminous hands and markers.",154,Personal Accessories,0.00,P67PA3WT10.jpg,Watches,Green,0.0,993,Kodiak,2003-01-01 00:00:00.0,Kodiak,960,Men's,Trakker,2006-12-31 00:00:00.0,757,851,912,154130
"The Kodiak includes a tough leather strap, precision Swiss quartz movement, with luminous hands and markers.",154,Personal Accessories,0.00,P67PA3WT10.jpg,Watches,Silver,0.0,993,Kodiak,2007-01-01 00:00:00.0,Kodiak,960,Men's,Trakker,,757,851,923,154140
"The Kodiak includes a tough leather strap, precision Swiss quartz movement, with luminous hands and markers.",154,Personal Accessories,0.00,P67PA3WT10.jpg,Watches,Camouflage,0.0,993,Kodiak,2004-07-01 00:00:00.0,Kodiak,960,Men's,Trakker,,757,851,927,154150
