"REGION_CODE","REGION_EN","COUNTRY_CODE","COUNTRY_KEY","COUNTRY_EN","RETAILER_KEY","RETAILER_CODE","RETAILER_NAME","RETAILER_SITE_KEY","RETAILER_SITE_CODE","RTL_CITY","RETAILER_TYPE_CODE","RETAILER_TYPE_EN"
710,"Americas",1004,90002,"Canada",6789,1189,"Rock Steady",5001,20001,"Winnipeg",6,"Outdoors Shop"
710,"Americas",1004,90002,"Canada",6789,1189,"Rock Steady",5002,20002,"Montréal",6,"Outdoors Shop"
710,"Americas",1004,90002,"Canada",6789,1189,"Rock Steady",5003,20003,"Fredericton",6,"Outdoors Shop"
710,"Americas",1004,90002,"Canada",6790,1190,"Ultra Sports",5004,20004,"Montréal",8,"Sports Store"
710,"Americas",1004,90002,"Canada",6790,1190,"Ultra Sports",5005,20005,"Sudbury",8,"Sports Store"
710,"Americas",1004,90002,"Canada",6790,1190,"Ultra Sports",5006,20006,"Tremblant",8,"Sports Store"
710,"Americas",1004,90002,"Canada",6790,1190,"Ultra Sports",5007,20007,"Regina",8,"Sports Store"
710,"Americas",1004,90002,"Canada",6791,1191,"Mountain Madness",5008,20008,"Whitehorse",3,"Direct Marketing"
710,"Americas",1004,90002,"Canada",6792,1192,"VIP Department Stores",5009,20009,"Toronto",2,"Department Store"
710,"Americas",1004,90002,"Canada",6792,1192,"VIP Department Stores",5010,20010,"Vancouver",2,"Department Store"
710,"Americas",1004,90002,"Canada",6792,1192,"VIP Department Stores",5011,20011,"Vancouver",2,"Department Store"
710,"Americas",1004,90002,"Canada",6792,1192,"VIP Department Stores",5012,20012,"Vancouver",2,"Department Store"
710,"Americas",1004,90002,"Canada",6792,1192,"VIP Department Stores",5013,20013,"Montréal",2,"Department Store"
710,"Americas",1004,90002,"Canada",6793,1193,"Le Golfeur",5014,20014,"Montréal",1,"Golf Shop"
710,"Americas",1004,90002,"Canada",6794,1194,"Sunglass Corner",5015,20015,"Victoria",7,"Eyewear Store"
710,"Americas",1004,90002,"Canada",6794,1194,"Sunglass Corner",5016,20016,"Hull",7,"Eyewear Store"
710,"Americas",1004,90002,"Canada",6795,1195,"Falcon Outfitters",5017,20017,"Montréal",6,"Outdoors Shop"
710,"Americas",1004,90002,"Canada",6795,1195,"Falcon Outfitters",5018,20018,"Toronto",6,"Outdoors Shop"
710,"Americas",1004,90002,"Canada",6795,1195,"Falcon Outfitters",5019,20019,"Ottawa",6,"Outdoors Shop"
710,"Americas",1004,90002,"Canada",6795,1195,"Falcon Outfitters",5020,20020,"Halifax",6,"Outdoors Shop"
710,"Americas",1004,90002,"Canada",6795,1195,"Falcon Outfitters",5021,20021,"Dawson Creek",6,"Outdoors Shop"
710,"Americas",1004,90002,"Canada",6796,1196,"Maximum Sports",5022,20022,"Toronto",8,"Sports Store"
710,"Americas",1004,90002,"Canada",6796,1196,"Maximum Sports",5023,20023,"Montréal",8,"Sports Store"
710,"Americas",1004,90002,"Canada",6796,1196,"Maximum Sports",5024,20024,"Toronto",8,"Sports Store"
710,"Americas",1004,90002,"Canada",6796,1196,"Maximum Sports",5025,20025,"Ottawa",8,"Sports Store"
710,"Americas",1004,90002,"Canada",6796,1196,"Maximum Sports",5026,20026,"St. John's",8,"Sports Store"
710,"Americas",1004,90002,"Canada",6797,1197,"Act'N'Up Fitness",5027,20027,"Toronto",4,"Warehouse Store"
710,"Americas",1004,90002,"Canada",6797,1197,"Act'N'Up Fitness",5028,20028,"Winnipeg",4,"Warehouse Store"
710,"Americas",1004,90002,"Canada",6797,1197,"Act'N'Up Fitness",5029,20029,"Toronto",4,"Warehouse Store"
710,"Americas",1004,90002,"Canada",6797,1197,"Act'N'Up Fitness",5030,20030,"Toronto",4,"Warehouse Store"
710,"Americas",1004,90002,"Canada",6798,1198,"Advanced Climbing Ltd",5031,20031,"Charlottetown",5,"Equipment Rental Store"
760,"Central Europe",6002,90015,"Germany",6744,1144,"Die Fitness-Experten",5032,20032,"Frankfurt",3,"Direct Marketing"
760,"Central Europe",6002,90015,"Germany",6747,1147,"Der Fitness-Doktor",5033,20033,"Berlin",8,"Sports Store"
760,"Central Europe",6002,90015,"Germany",6747,1147,"Der Fitness-Doktor",5034,20034,"Bonn",8,"Sports Store"
760,"Central Europe",6002,90015,"Germany",6747,1147,"Der Fitness-Doktor",5035,20035,"Hamburg",8,"Sports Store"
760,"Central Europe",6002,90015,"Germany",6748,1148,"Sport & Freizeit",5036,20036,"Berlin",2,"Department Store"
760,"Central Europe",6002,90015,"Germany",6748,1148,"Sport & Freizeit",5037,20037,"Dresden",2,"Department Store"
760,"Central Europe",6002,90015,"Germany",6748,1148,"Sport & Freizeit",5038,20038,"Düsseldorf",2,"Department Store"
760,"Central Europe",6002,90015,"Germany",6748,1148,"Sport & Freizeit",5039,20039,"Frankfurt",2,"Department Store"
760,"Central Europe",6002,90015,"Germany",6748,1148,"Sport & Freizeit",5040,20040,"Hamburg",2,"Department Store"
760,"Central Europe",6002,90015,"Germany",6748,1148,"Sport & Freizeit",5041,20041,"Mannheim",2,"Department Store"
760,"Central Europe",6002,90015,"Germany",6749,1149,"Holstein Golf",5042,20042,"Berlin",1,"Golf Shop"
760,"Central Europe",6002,90015,"Germany",6749,1149,"Holstein Golf",5043,20043,"Mainz",1,"Golf Shop"
760,"Central Europe",6002,90015,"Germany",6749,1149,"Holstein Golf",5044,20044,"Frankfurt",1,"Golf Shop"
760,"Central Europe",6002,90015,"Germany",6749,1149,"Holstein Golf",5045,20045,"Frankfurt",1,"Golf Shop"
760,"Central Europe",6002,90015,"Germany",6749,1149,"Holstein Golf",5046,20046,"Hannover",1,"Golf Shop"
760,"Central Europe",6002,90015,"Germany",6750,1150,"Die Zeltstadt",5047,20047,"Berlin",4,"Warehouse Store"
760,"Central Europe",6002,90015,"Germany",6750,1150,"Die Zeltstadt",5048,20048,"Kiel",4,"Warehouse Store"
760,"Central Europe",6002,90015,"Germany",6750,1150,"Die Zeltstadt",5049,20049,"Schwerin",4,"Warehouse Store"
760,"Central Europe",6002,90015,"Germany",6750,1150,"Die Zeltstadt",5050,20050,"Frankfurt",4,"Warehouse Store"
760,"Central Europe",6002,90015,"Germany",6750,1150,"Die Zeltstadt",5051,20051,"Potsdam",4,"Warehouse Store"
760,"Central Europe",6002,90015,"Germany",6751,1151,"Extrem!",5052,20052,"Bonn",6,"Outdoors Shop"
760,"Central Europe",6002,90015,"Germany",6751,1151,"Extrem!",5053,20053,"Bremen",6,"Outdoors Shop"
760,"Central Europe",6002,90015,"Germany",6751,1151,"Extrem!",5054,20054,"Frankfurt",6,"Outdoors Shop"
760,"Central Europe",6002,90015,"Germany",6751,1151,"Extrem!",5055,20055,"Hamburg",6,"Outdoors Shop"
760,"Central Europe",6002,90015,"Germany",6754,1154,"In die Berge!",5056,20056,"Frankfurt",6,"Outdoors Shop"
760,"Central Europe",6002,90015,"Germany",6754,1154,"In die Berge!",5057,20057,"Saarbrücken",6,"Outdoors Shop"
760,"Central Europe",6002,90015,"Germany",6754,1154,"In die Berge!",5058,20058,"Freiburg",6,"Outdoors Shop"
760,"Central Europe",6002,90015,"Germany",6754,1154,"In die Berge!",5059,20059,"Erfurt",6,"Outdoors Shop"
760,"Central Europe",6002,90015,"Germany",6757,1157,"Rad und Tat",5060,20060,"Hamburg",3,"Direct Marketing"
760,"Central Europe",6002,90015,"Germany",6758,1158,"Weitblick",5061,20061,"Bremen",7,"Eyewear Store"
760,"Central Europe",6002,90015,"Germany",6758,1158,"Weitblick",5062,20062,"München",7,"Eyewear Store"
760,"Central Europe",6002,90015,"Germany",6747,1147,"Der Fitness-Doktor",5063,20063,"Magdeburg",8,"Sports Store"
710,"Americas",1003,90001,"United States",6799,1199,"Outdoor Gear Co-op",5064,20067,"Hartford",4,"Warehouse Store"
710,"Americas",1003,90001,"United States",6799,1199,"Outdoor Gear Co-op",5065,20068,"Atlanta",4,"Warehouse Store"
710,"Americas",1003,90001,"United States",6799,1199,"Outdoor Gear Co-op",5066,20069,"Baltimore",4,"Warehouse Store"
710,"Americas",1003,90001,"United States",6799,1199,"Outdoor Gear Co-op",5067,20070,"Boston",4,"Warehouse Store"
710,"Americas",1003,90001,"United States",6799,1199,"Outdoor Gear Co-op",5068,20071,"Buffalo",4,"Warehouse Store"
710,"Americas",1003,90001,"United States",6799,1199,"Outdoor Gear Co-op",5069,20072,"New York",4,"Warehouse Store"
710,"Americas",1003,90001,"United States",6800,1200,"Golf Masters",5070,20073,"Billings",1,"Golf Shop"
710,"Americas",1003,90001,"United States",6800,1200,"Golf Masters",5071,20074,"Lincoln",1,"Golf Shop"
710,"Americas",1003,90001,"United States",6801,1201,"The Marketplace",5072,20075,"New York",2,"Department Store"
710,"Americas",1003,90001,"United States",6801,1201,"The Marketplace",5073,20076,"New York",2,"Department Store"
710,"Americas",1003,90001,"United States",6801,1201,"The Marketplace",5074,20077,"New York",2,"Department Store"
710,"Americas",1003,90001,"United States",6801,1201,"The Marketplace",5075,20078,"Cincinnati",2,"Department Store"
710,"Americas",1003,90001,"United States",6801,1201,"The Marketplace",5076,20079,"Providence",2,"Department Store"
710,"Americas",1003,90001,"United States",6802,1202,"Camping Equipment Online",5077,20080,"Hanover",3,"Direct Marketing"
710,"Americas",1003,90001,"United States",6803,1203,"Tamarack Outfitter Rentals",5078,20081,"Springfield",5,"Equipment Rental Store"
710,"Americas",1003,90001,"United States",6803,1203,"Tamarack Outfitter Rentals",5079,20082,"Bismark",5,"Equipment Rental Store"
710,"Americas",1003,90001,"United States",6803,1203,"Tamarack Outfitter Rentals",5080,20083,"Portland",5,"Equipment Rental Store"
710,"Americas",1003,90001,"United States",6804,1204,"Extreme Outdoors",5081,20084,"Carson City",6,"Outdoors Shop"
710,"Americas",1003,90001,"United States",6804,1204,"Extreme Outdoors",5082,20085,"Las Vegas",6,"Outdoors Shop"
710,"Americas",1003,90001,"United States",6804,1204,"Extreme Outdoors",5083,20086,"Oklahoma City",6,"Outdoors Shop"
710,"Americas",1003,90001,"United States",6804,1204,"Extreme Outdoors",5084,20087,"Chattanooga",6,"Outdoors Shop"
710,"Americas",1003,90001,"United States",6804,1204,"Extreme Outdoors",5085,20088,"Houston",6,"Outdoors Shop"
710,"Americas",1003,90001,"United States",6804,1204,"Extreme Outdoors",5086,20089,"Alexandria",6,"Outdoors Shop"
710,"Americas",1003,90001,"United States",6804,1204,"Extreme Outdoors",5087,20090,"Seattle",6,"Outdoors Shop"
710,"Americas",1003,90001,"United States",6804,1204,"Extreme Outdoors",5088,20091,"Charleston",6,"Outdoors Shop"
710,"Americas",1003,90001,"United States",6805,1205,"Eye Dimensions",5089,20092,"Miami",7,"Eyewear Store"
710,"Americas",1003,90001,"United States",6805,1205,"Eye Dimensions",5090,20093,"Atlanta",7,"Eyewear Store"
710,"Americas",1003,90001,"United States",6805,1205,"Eye Dimensions",5091,20094,"Dallas",7,"Eyewear Store"
710,"Americas",1003,90001,"United States",6806,1206,"Donovan's Sports",5092,20095,"Los Angeles",8,"Sports Store"
710,"Americas",1003,90001,"United States",6806,1206,"Donovan's Sports",5093,20096,"Los Angeles",8,"Sports Store"
710,"Americas",1003,90001,"United States",6806,1206,"Donovan's Sports",5094,20097,"San Diego",8,"Sports Store"
710,"Americas",1003,90001,"United States",6806,1206,"Donovan's Sports",5095,20098,"San Francisco",8,"Sports Store"
710,"Americas",1003,90001,"United States",6806,1206,"Donovan's Sports",5096,20099,"San Francisco",8,"Sports Store"
710,"Americas",1003,90001,"United States",6795,1195,"Falcon Outfitters",5097,20100,"Albuquerque",6,"Outdoors Shop"
710,"Americas",1003,90001,"United States",6795,1195,"Falcon Outfitters",5098,20101,"Austin",6,"Outdoors Shop"
710,"Americas",1003,90001,"United States",6808,1208,"Trail Masters",5099,20102,"Independence",6,"Outdoors Shop"
710,"Americas",1003,90001,"United States",6809,1209,"Second Wind Sports",5100,20103,"San Francisco",8,"Sports Store"
710,"Americas",1003,90001,"United States",6809,1209,"Second Wind Sports",5101,20104,"Albany",8,"Sports Store"
710,"Americas",1003,90001,"United States",6809,1209,"Second Wind Sports",5102,20105,"New York",8,"Sports Store"
710,"Americas",1003,90001,"United States",6809,1209,"Second Wind Sports",5103,20106,"New York",8,"Sports Store"
710,"Americas",1003,90001,"United States",6809,1209,"Second Wind Sports",5104,20107,"Dallas",8,"Sports Store"
710,"Americas",1003,90001,"United States",6809,1209,"Second Wind Sports",5105,20108,"Salt Lake City",8,"Sports Store"
710,"Americas",1003,90001,"United States",6810,1210,"The Golf Hut",5106,20109,"Chapel Hill",1,"Golf Shop"
710,"Americas",1003,90001,"United States",6810,1210,"The Golf Hut",5107,20110,"Charleston",1,"Golf Shop"
710,"Americas",1003,90001,"United States",6811,1211,"Buena Vista Eyeware",5108,20111,"Phoenix",7,"Eyewear Store"
710,"Americas",1003,90001,"United States",6811,1211,"Buena Vista Eyeware",5109,20112,"San Francisco",7,"Eyewear Store"
710,"Americas",1003,90001,"United States",6812,1212,"Jack and Jill Climbing School & Supplies",5110,20113,"Boulder",6,"Outdoors Shop"
710,"Americas",1003,90001,"United States",6813,1213,"Edward's Department Store",5111,20114,"Houston",2,"Department Store"
710,"Americas",1003,90001,"United States",6813,1213,"Edward's Department Store",5112,20115,"Montpelier",2,"Department Store"
710,"Americas",1003,90001,"United States",6813,1213,"Edward's Department Store",5113,20116,"Richmond",2,"Department Store"
710,"Americas",1003,90001,"United States",6813,1213,"Edward's Department Store",5114,20117,"Seattle",2,"Department Store"
710,"Americas",1003,90001,"United States",6813,1213,"Edward's Department Store",5115,20118,"Madison",2,"Department Store"
710,"Americas",1003,90001,"United States",6813,1213,"Edward's Department Store",5116,20119,"Casper",2,"Department Store"
710,"Americas",1003,90001,"United States",6814,1214,"Parkland Camping Rentals",5117,20120,"Dover",5,"Equipment Rental Store"
710,"Americas",1003,90001,"United States",6814,1214,"Parkland Camping Rentals",5118,20121,"Jacksonville",5,"Equipment Rental Store"
710,"Americas",1003,90001,"United States",6814,1214,"Parkland Camping Rentals",5119,20122,"Miami",5,"Equipment Rental Store"
710,"Americas",1003,90001,"United States",6814,1214,"Parkland Camping Rentals",5120,20123,"Atlanta",5,"Equipment Rental Store"
710,"Americas",1003,90001,"United States",6815,1215,"Consumer Club",5121,20124,"Los Angeles",4,"Warehouse Store"
710,"Americas",1003,90001,"United States",6815,1215,"Consumer Club",5122,20125,"San Diego",4,"Warehouse Store"
710,"Americas",1003,90001,"United States",6815,1215,"Consumer Club",5123,20126,"Denver",4,"Warehouse Store"
710,"Americas",1003,90001,"United States",6815,1215,"Consumer Club",5124,20127,"Washington",4,"Warehouse Store"
710,"Americas",1003,90001,"United States",6815,1215,"Consumer Club",5125,20128,"Miami",4,"Warehouse Store"
710,"Americas",1003,90001,"United States",6815,1215,"Consumer Club",5126,20129,"Atlanta",4,"Warehouse Store"
710,"Americas",1003,90001,"United States",6816,1216,"Connor Department Store",5127,20130,"Birmingham",2,"Department Store"
710,"Americas",1003,90001,"United States",6816,1216,"Connor Department Store",5128,20131,"Boston",2,"Department Store"
710,"Americas",1003,90001,"United States",6816,1216,"Connor Department Store",5129,20132,"Boston",2,"Department Store"
710,"Americas",1003,90001,"United States",6816,1216,"Connor Department Store",5130,20133,"Jackson",2,"Department Store"
710,"Americas",1003,90001,"United States",6816,1216,"Connor Department Store",5131,20134,"Lake Placid",2,"Department Store"
710,"Americas",1003,90001,"United States",6817,1217,"By A Thread",5132,20135,"Boulder",6,"Outdoors Shop"
710,"Americas",1003,90001,"United States",6817,1217,"By A Thread",5133,20136,"Denver",6,"Outdoors Shop"
710,"Americas",1003,90001,"United States",6817,1217,"By A Thread",5134,20137,"Salt Lake City",6,"Outdoors Shop"
710,"Americas",1003,90001,"United States",6818,1218,"Hartman's",5135,20138,"Phoenix",2,"Department Store"
710,"Americas",1003,90001,"United States",6818,1218,"Hartman's",5136,20139,"Tucson",2,"Department Store"
710,"Americas",1003,90001,"United States",6818,1218,"Hartman's",5137,20140,"Little Rock",2,"Department Store"
710,"Americas",1003,90001,"United States",6818,1218,"Hartman's",5138,20141,"Anaheim",2,"Department Store"
710,"Americas",1003,90001,"United States",6818,1218,"Hartman's",5139,20142,"Los Angeles",2,"Department Store"
710,"Americas",1003,90001,"United States",6818,1218,"Hartman's",5140,20143,"Las Vegas",2,"Department Store"
710,"Americas",1003,90001,"United States",6819,1219,"Mega-Outlet",5141,20144,"Boise",4,"Warehouse Store"
710,"Americas",1003,90001,"United States",6819,1219,"Mega-Outlet",5142,20145,"Chicago",4,"Warehouse Store"
710,"Americas",1003,90001,"United States",6819,1219,"Mega-Outlet",5143,20146,"Indianapolis",4,"Warehouse Store"
710,"Americas",1003,90001,"United States",6819,1219,"Mega-Outlet",5144,20147,"Detroit",4,"Warehouse Store"
710,"Americas",1003,90001,"United States",6819,1219,"Mega-Outlet",5145,20148,"Duluth",4,"Warehouse Store"
710,"Americas",1003,90001,"United States",6819,1219,"Mega-Outlet",5146,20149,"Rapid City",4,"Warehouse Store"
710,"Americas",1003,90001,"United States",6820,1220,"Pumped!",5147,20150,"Anchorage",8,"Sports Store"
710,"Americas",1003,90001,"United States",6821,1221,"The Caddy's Corner",5148,20151,"Honolulu",1,"Golf Shop"
710,"Americas",1003,90001,"United States",6822,1222,"Up The Creek",5149,20152,"San Diego",5,"Equipment Rental Store"
710,"Americas",1003,90001,"United States",6822,1222,"Up The Creek",5150,20153,"Boulder",5,"Equipment Rental Store"
710,"Americas",1003,90001,"United States",6822,1222,"Up The Creek",5151,20154,"Denver",5,"Equipment Rental Store"
710,"Americas",1003,90001,"United States",6823,1223,"American Home",5152,20155,"Cedar Rapids",2,"Department Store"
710,"Americas",1003,90001,"United States",6823,1223,"American Home",5153,20156,"Topeka",2,"Department Store"
710,"Americas",1003,90001,"United States",6823,1223,"American Home",5154,20157,"Portland",2,"Department Store"
710,"Americas",1003,90001,"United States",6823,1223,"American Home",5155,20158,"Boston",2,"Department Store"
710,"Americas",1003,90001,"United States",6823,1223,"American Home",5156,20159,"Atlantic City",2,"Department Store"
710,"Americas",1003,90001,"United States",6823,1223,"American Home",5157,20160,"New York",2,"Department Store"
710,"Americas",1003,90001,"United States",6823,1223,"American Home",5158,20161,"New York",2,"Department Store"
710,"Americas",1003,90001,"United States",6823,1223,"American Home",5159,20162,"New York",2,"Department Store"
710,"Americas",1003,90001,"United States",6823,1223,"American Home",5160,20163,"Philadelphia",2,"Department Store"
710,"Americas",1003,90001,"United States",6824,1224,"Weston Outfitters",5161,20164,"San Diego",6,"Outdoors Shop"
710,"Americas",1003,90001,"United States",6824,1224,"Weston Outfitters",5162,20165,"Boulder",6,"Outdoors Shop"
710,"Americas",1003,90001,"United States",6824,1224,"Weston Outfitters",5163,20166,"Denver",6,"Outdoors Shop"
710,"Americas",1003,90001,"United States",6824,1224,"Weston Outfitters",5164,20167,"Baton Rouge",6,"Outdoors Shop"
760,"Central Europe",6001,90014,"France",6701,1101,"ActiForme",5165,20195,"Paris",5,"Equipment Rental Store"
760,"Central Europe",6001,90014,"France",6701,1101,"ActiForme",5166,20196,"Paris",5,"Equipment Rental Store"
760,"Central Europe",6001,90014,"France",6701,1101,"ActiForme",5167,20197,"Strasbourg",5,"Equipment Rental Store"
760,"Central Europe",6001,90014,"France",6715,1115,"SportsClub",5168,20198,"Lyon",1,"Golf Shop"
760,"Central Europe",6001,90014,"France",6715,1115,"SportsClub",5169,20199,"Nice",1,"Golf Shop"
760,"Central Europe",6001,90014,"France",6723,1123,"Anapurna",5170,20200,"Orléans",3,"Direct Marketing"
760,"Central Europe",6001,90014,"France",6732,1132,"Cordages Discount",5171,20201,"Lyon",4,"Warehouse Store"
760,"Central Europe",6001,90014,"France",6732,1132,"Cordages Discount",5172,20202,"Nice",4,"Warehouse Store"
760,"Central Europe",6001,90014,"France",6732,1132,"Cordages Discount",5173,20203,"Paris",4,"Warehouse Store"
760,"Central Europe",6001,90014,"France",6732,1132,"Cordages Discount",5174,20204,"Paris",4,"Warehouse Store"
760,"Central Europe",6001,90014,"France",6733,1133,"Altitudes extrêmes",5175,20205,"Bordeaux",6,"Outdoors Shop"
760,"Central Europe",6001,90014,"France",6733,1133,"Altitudes extrêmes",5176,20206,"Chamonix",6,"Outdoors Shop"
760,"Central Europe",6001,90014,"France",6733,1133,"Altitudes extrêmes",5177,20207,"Poitiers",6,"Outdoors Shop"
760,"Central Europe",6001,90014,"France",6733,1133,"Altitudes extrêmes",5178,20208,"Roubaix",6,"Outdoors Shop"
760,"Central Europe",6001,90014,"France",6734,1134,"Optique et Lentilles",5179,20209,"Grenoble",7,"Eyewear Store"
760,"Central Europe",6001,90014,"France",6735,1135,"Camping Sauvage",5180,20210,"Annecy",6,"Outdoors Shop"
760,"Central Europe",6001,90014,"France",6735,1135,"Camping Sauvage",5181,20211,"Bordeaux",6,"Outdoors Shop"
760,"Central Europe",6001,90014,"France",6735,1135,"Camping Sauvage",5182,20212,"Lyon",6,"Outdoors Shop"
760,"Central Europe",6001,90014,"France",6735,1135,"Camping Sauvage",5183,20213,"Paris",6,"Outdoors Shop"
760,"Central Europe",6001,90014,"France",6735,1135,"Camping Sauvage",5184,20214,"Roubaix",6,"Outdoors Shop"
760,"Central Europe",6001,90014,"France",6737,1137,"Grand choix",5185,20215,"Nantes",2,"Department Store"
760,"Central Europe",6001,90014,"France",6737,1137,"Grand choix",5186,20216,"Paris",2,"Department Store"
760,"Central Europe",6001,90014,"France",6737,1137,"Grand choix",5187,20217,"Strasbourg",2,"Department Store"
760,"Central Europe",6001,90014,"France",6737,1137,"Grand choix",5188,20218,"Tours",2,"Department Store"
760,"Central Europe",6001,90014,"France",6825,1225,"La bonne Forme",5189,20219,"Marseille",8,"Sports Store"
760,"Central Europe",6001,90014,"France",6825,1225,"La bonne Forme",5190,20220,"Nice",8,"Sports Store"
760,"Central Europe",6001,90014,"France",6825,1225,"La bonne Forme",5191,20221,"Orléans",8,"Sports Store"
760,"Central Europe",6001,90014,"France",6825,1225,"La bonne Forme",5192,20222,"Paris",8,"Sports Store"
760,"Central Europe",6001,90014,"France",6825,1225,"La bonne Forme",5193,20223,"Paris",8,"Sports Store"
710,"Americas",1020,90003,"Mexico",6826,1226,"Artículos de Campismo El Aquila, S.A. de C.V.",5194,20224,"Cancún",6,"Outdoors Shop"
710,"Americas",1020,90003,"Mexico",6826,1226,"Artículos de Campismo El Aquila, S.A. de C.V.",5195,20225,"Distrito Federal",6,"Outdoors Shop"
710,"Americas",1020,90003,"Mexico",6826,1226,"Artículos de Campismo El Aquila, S.A. de C.V.",5196,20226,"Distrito Federal",6,"Outdoors Shop"
710,"Americas",1020,90003,"Mexico",6826,1226,"Artículos de Campismo El Aquila, S.A. de C.V.",5197,20227,"Guadalajara",6,"Outdoors Shop"
710,"Americas",1020,90003,"Mexico",6826,1226,"Artículos de Campismo El Aquila, S.A. de C.V.",5198,20228,"Puerto Vallarta",6,"Outdoors Shop"
710,"Americas",1020,90003,"Mexico",6827,1227,"Todo para el Golf, S.A. de C.V.",5199,20229,"Monterey",1,"Golf Shop"
710,"Americas",1020,90003,"Mexico",6828,1228,"MER-KA-DOS, S.A. de C.V.",5200,20230,"Distrito Federal",2,"Department Store"
710,"Americas",1020,90003,"Mexico",6828,1228,"MER-KA-DOS, S.A. de C.V.",5201,20231,"Distrito Federal",2,"Department Store"
710,"Americas",1020,90003,"Mexico",6828,1228,"MER-KA-DOS, S.A. de C.V.",5202,20232,"Distrito Federal",2,"Department Store"
710,"Americas",1020,90003,"Mexico",6828,1228,"MER-KA-DOS, S.A. de C.V.",5203,20233,"México City",2,"Department Store"
740,"Asia Pacific",4011,90005,"Japan",6829,1229,"Golf Shop Jiro",5204,20235,"Osaka-shi",1,"Golf Shop"
740,"Asia Pacific",4011,90005,"Japan",6836,1236,"NIPPON Sofcon Net",5205,20236,"Hiroshima-shi",3,"Direct Marketing"
740,"Asia Pacific",4011,90005,"Japan",6831,1231,"Hinode Megane",5206,20237,"Tokyo",7,"Eyewear Store"
740,"Asia Pacific",4011,90005,"Japan",6831,1231,"Hinode Megane",5207,20238,"Tokyo",7,"Eyewear Store"
740,"Asia Pacific",4011,90005,"Japan",6835,1235,"Chuei Hyakkaten",5208,20239,"Osaka-shi",2,"Department Store"
740,"Asia Pacific",4011,90005,"Japan",6829,1229,"Golf Shop Jiro",5209,20240,"Sendai-shi",1,"Golf Shop"
740,"Asia Pacific",4011,90005,"Japan",6829,1229,"Golf Shop Jiro",5210,20241,"Fukuoka-shi",1,"Golf Shop"
740,"Asia Pacific",4011,90005,"Japan",6830,1230,"Japan Sports Youhinten",5211,20242,"Tokyo",8,"Sports Store"
740,"Asia Pacific",4011,90005,"Japan",6834,1234,"Kanjosen Sport",5212,20243,"Tokyo",8,"Sports Store"
740,"Asia Pacific",4011,90005,"Japan",6829,1229,"Golf Shop Jiro",5213,20244,"Hiroshima-shi",1,"Golf Shop"
740,"Asia Pacific",4011,90005,"Japan",6830,1230,"Japan Sports Youhinten",5214,20245,"Hiroshima-shi",8,"Sports Store"
740,"Asia Pacific",4011,90005,"Japan",6830,1230,"Japan Sports Youhinten",5215,20246,"Hiroshima-shi",8,"Sports Store"
740,"Asia Pacific",4011,90005,"Japan",6830,1230,"Japan Sports Youhinten",5216,20247,"Tokyo",8,"Sports Store"
740,"Asia Pacific",4011,90005,"Japan",6832,1232,"Hanagata Golf Shop",5217,20248,"Fukuoka-shi",1,"Golf Shop"
740,"Asia Pacific",4011,90005,"Japan",6832,1232,"Hanagata Golf Shop",5218,20249,"Osaka-shi",1,"Golf Shop"
740,"Asia Pacific",4011,90005,"Japan",6832,1232,"Hanagata Golf Shop",5219,20250,"Tokyo",1,"Golf Shop"
740,"Asia Pacific",4011,90005,"Japan",6832,1232,"Hanagata Golf Shop",5220,20251,"Tokyo",1,"Golf Shop"
740,"Asia Pacific",4011,90005,"Japan",6832,1232,"Hanagata Golf Shop",5221,20252,"Tokyo",1,"Golf Shop"
740,"Asia Pacific",4011,90005,"Japan",6833,1233,"Kitanaka Tozanyouhinten",5222,20253,"Fukuoka-shi",5,"Equipment Rental Store"
740,"Asia Pacific",4011,90005,"Japan",6833,1233,"Kitanaka Tozanyouhinten",5223,20254,"Sendai-shi",5,"Equipment Rental Store"
740,"Asia Pacific",4011,90005,"Japan",6833,1233,"Kitanaka Tozanyouhinten",5224,20255,"Tokyo",5,"Equipment Rental Store"
740,"Asia Pacific",4011,90005,"Japan",6834,1234,"Kanjosen Sport",5225,20256,"Osaka-shi",8,"Sports Store"
740,"Asia Pacific",4011,90005,"Japan",6834,1234,"Kanjosen Sport",5226,20257,"Osaka-shi",8,"Sports Store"
740,"Asia Pacific",4011,90005,"Japan",6834,1234,"Kanjosen Sport",5227,20258,"Hiroshima-shi",8,"Sports Store"
740,"Asia Pacific",4011,90005,"Japan",6834,1234,"Kanjosen Sport",5228,20259,"Osaka-shi",8,"Sports Store"
750,"Northern Europe",5010,90011,"Sweden",6837,1237,"Campingspecialisten",5229,20260,"Stockholm",6,"Outdoors Shop"
750,"Northern Europe",5010,90011,"Sweden",6837,1237,"Campingspecialisten",5230,20261,"Arvika",6,"Outdoors Shop"
750,"Northern Europe",5010,90011,"Sweden",6837,1237,"Campingspecialisten",5231,20262,"Karlstad",6,"Outdoors Shop"
750,"Northern Europe",5010,90011,"Sweden",6837,1237,"Campingspecialisten",5232,20263,"Ludvika",6,"Outdoors Shop"
750,"Northern Europe",5010,90011,"Sweden",6837,1237,"Campingspecialisten",5233,20264,"Sundsvall",6,"Outdoors Shop"
750,"Northern Europe",5010,90011,"Sweden",6838,1238,"Sport Jonas",5234,20265,"Bollnäs",8,"Sports Store"
750,"Northern Europe",5010,90011,"Sweden",6838,1238,"Sport Jonas",5235,20266,"Malmö",8,"Sports Store"
750,"Northern Europe",5010,90011,"Sweden",6838,1238,"Sport Jonas",5236,20267,"Göteborg",8,"Sports Store"
750,"Northern Europe",5010,90011,"Sweden",6838,1238,"Sport Jonas",5237,20268,"Solna",8,"Sports Store"
750,"Northern Europe",5010,90011,"Sweden",6737,1137,"Grand choix",5238,20269,"Stockholm",2,"Department Store"
750,"Northern Europe",5010,90011,"Sweden",6737,1137,"Grand choix",5239,20270,"Malmö",2,"Department Store"
750,"Northern Europe",5010,90011,"Sweden",6840,1240,"T & R Sport",5240,20271,"Mölndal",3,"Direct Marketing"
750,"Northern Europe",5007,90010,"Netherlands",6841,1241,"Sportworld",5241,20272,"Beets",2,"Department Store"
750,"Northern Europe",5007,90010,"Netherlands",6841,1241,"Sportworld",5242,20273,"Deventer",2,"Department Store"
750,"Northern Europe",5007,90010,"Netherlands",6841,1241,"Sportworld",5243,20274,"Den Haag",2,"Department Store"
750,"Northern Europe",5007,90010,"Netherlands",6841,1241,"Sportworld",5244,20275,"Amstelveen",2,"Department Store"
750,"Northern Europe",5007,90010,"Netherlands",6841,1241,"Sportworld",5245,20276,"Amstelveen",2,"Department Store"
750,"Northern Europe",5007,90010,"Netherlands",6842,1242,"Topforma",5246,20277,"Groningen",3,"Direct Marketing"
750,"Northern Europe",5007,90010,"Netherlands",6843,1243,"Get Out",5247,20278,"Amsterdam",5,"Equipment Rental Store"
750,"Northern Europe",5007,90010,"Netherlands",6843,1243,"Get Out",5248,20279,"Varsseveld",5,"Equipment Rental Store"
750,"Northern Europe",5007,90010,"Netherlands",6844,1244,"Holland Zonzoekers",5249,20280,"Amsterdam",1,"Golf Shop"
750,"Northern Europe",5007,90010,"Netherlands",6844,1244,"Holland Zonzoekers",5250,20281,"Muiden",1,"Golf Shop"
750,"Northern Europe",5007,90010,"Netherlands",6844,1244,"Holland Zonzoekers",5251,20282,"Laren",1,"Golf Shop"
750,"Northern Europe",5007,90010,"Netherlands",6844,1244,"Holland Zonzoekers",5252,20283,"Pieterburen",1,"Golf Shop"
750,"Northern Europe",5007,90010,"Netherlands",6845,1245,"Beter Buitenleven",5253,20284,"Laren",6,"Outdoors Shop"
750,"Northern Europe",5007,90010,"Netherlands",6845,1245,"Beter Buitenleven",5254,20285,"Maarssen",6,"Outdoors Shop"
750,"Northern Europe",5007,90010,"Netherlands",6845,1245,"Beter Buitenleven",5255,20286,"Amsterdam",6,"Outdoors Shop"
750,"Northern Europe",5007,90010,"Netherlands",6845,1245,"Beter Buitenleven",5256,20287,"Amsterdam",6,"Outdoors Shop"
750,"Northern Europe",5007,90010,"Netherlands",6845,1245,"Beter Buitenleven",5257,20288,"Marken",6,"Outdoors Shop"
750,"Northern Europe",5007,90010,"Netherlands",6846,1246,"Extra Sport",5258,20289,"Wageningen",8,"Sports Store"
750,"Northern Europe",5007,90010,"Netherlands",6846,1246,"Extra Sport",5259,20290,"Nieuweschans",8,"Sports Store"
750,"Northern Europe",5007,90010,"Netherlands",6846,1246,"Extra Sport",5260,20291,"Rotterdam",8,"Sports Store"
770,"Southern Europe",7006,90020,"Italy",6847,1247,"NonSoloNeve",5261,20304,"Bologna",8,"Sports Store"
770,"Southern Europe",7006,90020,"Italy",6847,1247,"NonSoloNeve",5262,20305,"Bergamo",8,"Sports Store"
770,"Southern Europe",7006,90020,"Italy",6847,1247,"NonSoloNeve",5263,20306,"Firenze",8,"Sports Store"
770,"Southern Europe",7006,90020,"Italy",6847,1247,"NonSoloNeve",5264,20307,"Milano",8,"Sports Store"
770,"Southern Europe",7006,90020,"Italy",6847,1247,"NonSoloNeve",5265,20308,"Roma",8,"Sports Store"
770,"Southern Europe",7006,90020,"Italy",6848,1248,"Paradiso della Tenda",5266,20309,"Torino",6,"Outdoors Shop"
770,"Southern Europe",7006,90020,"Italy",6848,1248,"Paradiso della Tenda",5267,20310,"Genova",6,"Outdoors Shop"
770,"Southern Europe",7006,90020,"Italy",6848,1248,"Paradiso della Tenda",5268,20311,"Napoli",6,"Outdoors Shop"
770,"Southern Europe",7006,90020,"Italy",6848,1248,"Paradiso della Tenda",5269,20312,"Roma",6,"Outdoors Shop"
770,"Southern Europe",7006,90020,"Italy",6849,1249,"Bellini",5270,20313,"Roma",1,"Golf Shop"
770,"Southern Europe",7006,90020,"Italy",6849,1249,"Bellini",5271,20314,"Venezia",1,"Golf Shop"
770,"Southern Europe",7006,90020,"Italy",6850,1250,"Brambilla",5272,20315,"Milano",2,"Department Store"
740,"Asia Pacific",4016,90009,"Australia",6855,1255,"Beach Beds Pty Ltd.",5273,20316,"Melbourne",2,"Department Store"
740,"Asia Pacific",4016,90009,"Australia",6857,1257,"Kanga Kampers",5274,20317,"Brisbane",6,"Outdoors Shop"
740,"Asia Pacific",4016,90009,"Australia",6855,1255,"Beach Beds Pty Ltd.",5275,20318,"Cairns",2,"Department Store"
740,"Asia Pacific",4016,90009,"Australia",6855,1255,"Beach Beds Pty Ltd.",5276,20319,"Perth",2,"Department Store"
740,"Asia Pacific",4016,90009,"Australia",6856,1256,"Blue Mountains Golfing Company",5277,20320,"Cairns",1,"Golf Shop"
740,"Asia Pacific",4016,90009,"Australia",6855,1255,"Beach Beds Pty Ltd.",5278,20321,"NewCastle",2,"Department Store"
740,"Asia Pacific",4016,90009,"Australia",6857,1257,"Kanga Kampers",5279,20322,"Sydney",6,"Outdoors Shop"
740,"Asia Pacific",4016,90009,"Australia",6857,1257,"Kanga Kampers",5280,20323,"Melbourne",6,"Outdoors Shop"
740,"Asia Pacific",4016,90009,"Australia",6857,1257,"Kanga Kampers",5281,20324,"NewCastle",6,"Outdoors Shop"
740,"Asia Pacific",4016,90009,"Australia",6857,1257,"Kanga Kampers",5282,20325,"Sydney",6,"Outdoors Shop"
770,"Southern Europe",7019,90021,"Spain",6858,1258,"Naranco de Bulnes",5283,20326,"Barcelona",6,"Outdoors Shop"
770,"Southern Europe",7019,90021,"Spain",6858,1258,"Naranco de Bulnes",5284,20327,"Barcelona",6,"Outdoors Shop"
770,"Southern Europe",7019,90021,"Spain",6859,1259,"Ocio y Aventura",5285,20328,"Barcelona",2,"Department Store"
770,"Southern Europe",7019,90021,"Spain",6858,1258,"Naranco de Bulnes",5286,20329,"Bilbao",6,"Outdoors Shop"
770,"Southern Europe",7019,90021,"Spain",6858,1258,"Naranco de Bulnes",5287,20330,"Logroño",6,"Outdoors Shop"
770,"Southern Europe",7019,90021,"Spain",6859,1259,"Ocio y Aventura",5288,20331,"Logroño",2,"Department Store"
770,"Southern Europe",7019,90021,"Spain",6858,1258,"Naranco de Bulnes",5289,20332,"Madrid",6,"Outdoors Shop"
770,"Southern Europe",7019,90021,"Spain",6859,1259,"Ocio y Aventura",5290,20333,"Madrid",2,"Department Store"
770,"Southern Europe",7019,90021,"Spain",6859,1259,"Ocio y Aventura",5291,20334,"Zaragoza",2,"Department Store"
710,"Americas",1021,90004,"Brazil",6860,1260,"Esportes Grumari",5292,20335,"São Paulo",2,"Department Store"
750,"Northern Europe",5018,90012,"Denmark",6861,1261,"Preben's Tøy",5293,20336,"København",6,"Outdoors Shop"
750,"Northern Europe",5018,90012,"Denmark",6737,1137,"Grand choix",5294,20337,"København",2,"Department Store"
750,"Northern Europe",5018,90012,"Denmark",6861,1261,"Preben's Tøy",5295,20338,"Kolding",6,"Outdoors Shop"
750,"Northern Europe",5018,90012,"Denmark",6861,1261,"Preben's Tøy",5296,20339,"Roskilde",6,"Outdoors Shop"
750,"Northern Europe",5018,90012,"Denmark",6861,1261,"Preben's Tøy",5297,20340,"Aarhus",6,"Outdoors Shop"
750,"Northern Europe",5018,90012,"Denmark",6861,1261,"Preben's Tøy",5298,20341,"Birkerød",6,"Outdoors Shop"
750,"Northern Europe",5022,90013,"Finland",6868,1268,"Arjan Aitta",5299,20342,"Tampere",6,"Outdoors Shop"
750,"Northern Europe",5022,90013,"Finland",6868,1268,"Arjan Aitta",5300,20343,"Porvoo",6,"Outdoors Shop"
750,"Northern Europe",5022,90013,"Finland",6868,1268,"Arjan Aitta",5301,20344,"Turku",6,"Outdoors Shop"
750,"Northern Europe",5022,90013,"Finland",6868,1268,"Arjan Aitta",5302,20345,"Helsinki",6,"Outdoors Shop"
750,"Northern Europe",5022,90013,"Finland",6868,1268,"Arjan Aitta",5303,20346,"Vantaa",6,"Outdoors Shop"
740,"Asia Pacific",4013,90007,"Korea",6870,1270,"Hansung Golf",5304,20347,"Pusan",1,"Golf Shop"
740,"Asia Pacific",4013,90007,"Korea",6872,1272,"Chen Yu Enterprise Co.,",5305,20348,"Seoul",2,"Department Store"
740,"Asia Pacific",4013,90007,"Korea",6870,1270,"Hansung Golf",5306,20349,"Taegu",1,"Golf Shop"
740,"Asia Pacific",4013,90007,"Korea",6870,1270,"Hansung Golf",5307,20350,"Seoul",1,"Golf Shop"
740,"Asia Pacific",4013,90007,"Korea",6870,1270,"Hansung Golf",5308,20351,"Taejeon",1,"Golf Shop"
740,"Asia Pacific",4013,90007,"Korea",6871,1271,"Taeho Sports",5309,20352,"Pusan",8,"Sports Store"
740,"Asia Pacific",4013,90007,"Korea",6871,1271,"Taeho Sports",5310,20353,"Seoul",8,"Sports Store"
740,"Asia Pacific",4013,90007,"Korea",6871,1271,"Taeho Sports",5311,20354,"Seoul",8,"Sports Store"
740,"Asia Pacific",4013,90007,"Korea",6871,1271,"Taeho Sports",5312,20355,"Incheon",8,"Sports Store"
740,"Asia Pacific",4013,90007,"Korea",6871,1271,"Taeho Sports",5313,20356,"Kwangju",8,"Sports Store"
740,"Asia Pacific",4012,90006,"Singapore",6874,1274,"Hai Wan Shin Sport Equipment Co.",5314,20357,"Singapore",1,"Golf Shop"
740,"Asia Pacific",4012,90006,"Singapore",6872,1272,"Chen Yu Enterprise Co.,",5315,20358,"Singapore",2,"Department Store"
740,"Asia Pacific",4012,90006,"Singapore",6874,1274,"Hai Wan Shin Sport Equipment Co.",5316,20359,"Singapore",1,"Golf Shop"
740,"Asia Pacific",4012,90006,"Singapore",6872,1272,"Chen Yu Enterprise Co.,",5317,20360,"Singapore",2,"Department Store"
740,"Asia Pacific",4012,90006,"Singapore",6874,1274,"Hai Wan Shin Sport Equipment Co.",5318,20361,"Singapore",1,"Golf Shop"
740,"Asia Pacific",4012,90006,"Singapore",6873,1273,"Fu Chin Sport Equipment Co.",5319,20362,"Singapore",3,"Direct Marketing"
740,"Asia Pacific",4012,90006,"Singapore",6872,1272,"Chen Yu Enterprise Co.,",5320,20363,"Singapore",2,"Department Store"
740,"Asia Pacific",4012,90006,"Singapore",6874,1274,"Hai Wan Shin Sport Equipment Co.",5321,20364,"Singapore",1,"Golf Shop"
740,"Asia Pacific",4012,90006,"Singapore",6872,1272,"Chen Yu Enterprise Co.,",5322,20365,"Singapore",2,"Department Store"
740,"Asia Pacific",4012,90006,"Singapore",6874,1274,"Hai Wan Shin Sport Equipment Co.",5323,20366,"Singapore",1,"Golf Shop"
740,"Asia Pacific",4014,90008,"China",6875,1275,"Hangzhou Superman Sports Goods Co., LTD.",5324,20376,"Beijing",1,"Golf Shop"
740,"Asia Pacific",4014,90008,"China",6877,1277,"Lan King Sports Co., LTD.",5325,20377,"Beijing",6,"Outdoors Shop"
740,"Asia Pacific",4014,90008,"China",6875,1275,"Hangzhou Superman Sports Goods Co., LTD.",5326,20378,"Chengdu",1,"Golf Shop"
740,"Asia Pacific",4014,90008,"China",6877,1277,"Lan King Sports Co., LTD.",5327,20379,"Guangzhou",6,"Outdoors Shop"
740,"Asia Pacific",4014,90008,"China",6875,1275,"Hangzhou Superman Sports Goods Co., LTD.",5328,20380,"Guangzhou",1,"Golf Shop"
740,"Asia Pacific",4014,90008,"China",6876,1276,"China Multi-channel Sports Co., LTD.",5329,20381,"Hangzhou",3,"Direct Marketing"
740,"Asia Pacific",4014,90008,"China",6875,1275,"Hangzhou Superman Sports Goods Co., LTD.",5330,20382,"Shanghai",1,"Golf Shop"
740,"Asia Pacific",4014,90008,"China",6877,1277,"Lan King Sports Co., LTD.",5331,20383,"Shanghai",6,"Outdoors Shop"
740,"Asia Pacific",4014,90008,"China",6877,1277,"Lan King Sports Co., LTD.",5332,20384,"Chaiwan",6,"Outdoors Shop"
740,"Asia Pacific",4014,90008,"China",6877,1277,"Lan King Sports Co., LTD.",5333,20385,"Zhengzhou",6,"Outdoors Shop"
760,"Central Europe",6009,90017,"United Kingdom",6881,1281,"Jensen Mountaineering",5334,20386,"London",6,"Outdoors Shop"
760,"Central Europe",6009,90017,"United Kingdom",6882,1282,"Leisure Land",5335,20387,"Birmingham",2,"Department Store"
760,"Central Europe",6009,90017,"United Kingdom",6880,1280,"Hurst Ironmongers",5336,20388,"Bristol",1,"Golf Shop"
760,"Central Europe",6009,90017,"United Kingdom",6880,1280,"Hurst Ironmongers",5337,20389,"London",1,"Golf Shop"
760,"Central Europe",6009,90017,"United Kingdom",6883,1283,"Outdoor Experience",5338,20390,"Reading",6,"Outdoors Shop"
760,"Central Europe",6009,90017,"United Kingdom",6883,1283,"Outdoor Experience",5339,20391,"London",6,"Outdoors Shop"
760,"Central Europe",6009,90017,"United Kingdom",6881,1281,"Jensen Mountaineering",5340,20392,"Milton Keynes",6,"Outdoors Shop"
760,"Central Europe",6009,90017,"United Kingdom",6878,1278,"Beck's Sports Store",5341,20393,"Southampton",8,"Sports Store"
760,"Central Europe",6009,90017,"United Kingdom",6879,1279,"Browns Opticals",5342,20394,"Oxford",7,"Eyewear Store"
760,"Central Europe",6009,90017,"United Kingdom",6879,1279,"Browns Opticals",5343,20395,"London",7,"Eyewear Store"
760,"Central Europe",6009,90017,"United Kingdom",6883,1283,"Outdoor Experience",5344,20396,"Brighton",6,"Outdoors Shop"
760,"Central Europe",6009,90017,"United Kingdom",6881,1281,"Jensen Mountaineering",5345,20397,"London",6,"Outdoors Shop"
760,"Central Europe",6009,90017,"United Kingdom",6881,1281,"Jensen Mountaineering",5346,20398,"Bristol",6,"Outdoors Shop"
760,"Central Europe",6009,90017,"United Kingdom",6883,1283,"Outdoor Experience",5347,20399,"Southampton",6,"Outdoors Shop"
760,"Central Europe",6009,90017,"United Kingdom",6884,1284,"Romford Tools Ltd",5348,20400,"Milton Keynes",3,"Direct Marketing"
760,"Central Europe",6009,90017,"United Kingdom",6882,1282,"Leisure Land",5349,20401,"Southampton",2,"Department Store"
760,"Central Europe",6009,90017,"United Kingdom",6881,1281,"Jensen Mountaineering",5350,20402,"London",6,"Outdoors Shop"
760,"Central Europe",6009,90017,"United Kingdom",6883,1283,"Outdoor Experience",5351,20403,"Brighton",6,"Outdoors Shop"
760,"Central Europe",6009,90017,"United Kingdom",6878,1278,"Beck's Sports Store",5352,20404,"Brighton",8,"Sports Store"
760,"Central Europe",6009,90017,"United Kingdom",6878,1278,"Beck's Sports Store",5353,20405,"London",8,"Sports Store"
760,"Central Europe",6009,90017,"United Kingdom",6881,1281,"Jensen Mountaineering",5354,20406,"London",6,"Outdoors Shop"
760,"Central Europe",6009,90017,"United Kingdom",6882,1282,"Leisure Land",5355,20407,"Brighton",2,"Department Store"
760,"Central Europe",6009,90017,"United Kingdom",6882,1282,"Leisure Land",5356,20408,"Nottingham",2,"Department Store"
760,"Central Europe",6009,90017,"United Kingdom",6878,1278,"Beck's Sports Store",5357,20409,"London",8,"Sports Store"
760,"Central Europe",6009,90017,"United Kingdom",6880,1280,"Hurst Ironmongers",5358,20410,"Reading",1,"Golf Shop"
760,"Central Europe",6008,90016,"Switzerland",6888,1288,"Windsurfing Zürichsee",5359,20411,"Basel",8,"Sports Store"
760,"Central Europe",6008,90016,"Switzerland",6737,1137,"Grand choix",5360,20412,"Lausanne",2,"Department Store"
760,"Central Europe",6008,90016,"Switzerland",6737,1137,"Grand choix",5361,20413,"Bellinzona",2,"Department Store"
760,"Central Europe",6008,90016,"Switzerland",6885,1285,"Alles für Draußen",5362,20414,"Kirchberg",3,"Direct Marketing"
760,"Central Europe",6008,90016,"Switzerland",6888,1288,"Windsurfing Zürichsee",5363,20415,"Zürich",8,"Sports Store"
760,"Central Europe",6008,90016,"Switzerland",6737,1137,"Grand choix",5364,20416,"Lugano",2,"Department Store"
760,"Central Europe",6008,90016,"Switzerland",6886,1286,"Arnold's Clubs",5365,20417,"Genève",1,"Golf Shop"
760,"Central Europe",6008,90016,"Switzerland",6886,1286,"Arnold's Clubs",5366,20418,"Lausanne",1,"Golf Shop"
760,"Central Europe",6008,90016,"Switzerland",6886,1286,"Arnold's Clubs",5367,20419,"Fribourg",1,"Golf Shop"
760,"Central Europe",6008,90016,"Switzerland",6886,1286,"Arnold's Clubs",5368,20420,"Genève",1,"Golf Shop"
760,"Central Europe",6008,90016,"Switzerland",6888,1288,"Windsurfing Zürichsee",5369,20421,"Zürich",8,"Sports Store"
760,"Central Europe",6008,90016,"Switzerland",6886,1286,"Arnold's Clubs",5370,20422,"Zürich",1,"Golf Shop"
760,"Central Europe",6008,90016,"Switzerland",6888,1288,"Windsurfing Zürichsee",5371,20423,"St. Gallen",8,"Sports Store"
760,"Central Europe",6017,90018,"Belgium",6889,1289,"Golf's'us",5372,20424,"Zaventem",1,"Golf Shop"
760,"Central Europe",6017,90018,"Belgium",6889,1289,"Golf's'us",5373,20425,"Sint-Niklaas",1,"Golf Shop"
760,"Central Europe",6017,90018,"Belgium",6889,1289,"Golf's'us",5374,20426,"Leuven",1,"Golf Shop"
760,"Central Europe",6017,90018,"Belgium",6889,1289,"Golf's'us",5375,20427,"Antwerpen",1,"Golf Shop"
760,"Central Europe",6017,90018,"Belgium",6893,1293,"Allo Allo",5376,20428,"Bruxelles",3,"Direct Marketing"
760,"Central Europe",6017,90018,"Belgium",6894,1294,"Caravanserai",5377,20429,"Arlon",6,"Outdoors Shop"
760,"Central Europe",6017,90018,"Belgium",6894,1294,"Caravanserai",5378,20430,"Arlon",6,"Outdoors Shop"
760,"Central Europe",6017,90018,"Belgium",6894,1294,"Caravanserai",5379,20431,"Liège",6,"Outdoors Shop"
760,"Central Europe",6017,90018,"Belgium",6894,1294,"Caravanserai",5380,20432,"Charleroi",6,"Outdoors Shop"
760,"Central Europe",6017,90018,"Belgium",6894,1294,"Caravanserai",5381,20433,"Liège",6,"Outdoors Shop"
770,"Southern Europe",7005,90019,"Austria",6911,1311,"Outdoor-Fachgeschäft Müller",5382,20434,"Wien",6,"Outdoors Shop"
770,"Southern Europe",7005,90019,"Austria",6911,1311,"Outdoor-Fachgeschäft Müller",5383,20435,"Kottingbrunn",6,"Outdoors Shop"
770,"Southern Europe",7005,90019,"Austria",6911,1311,"Outdoor-Fachgeschäft Müller",5384,20436,"Ternitz",6,"Outdoors Shop"
770,"Southern Europe",7005,90019,"Austria",6911,1311,"Outdoor-Fachgeschäft Müller",5385,20437,"Loorsdorf",6,"Outdoors Shop"
770,"Southern Europe",7005,90019,"Austria",6911,1311,"Outdoor-Fachgeschäft Müller",5386,20438,"Graz",6,"Outdoors Shop"
770,"Southern Europe",7005,90019,"Austria",6909,1309,"Ausrüstungshaus Globetrotter",5387,20439,"Klosterneuburg",2,"Department Store"
770,"Southern Europe",7005,90019,"Austria",6909,1309,"Ausrüstungshaus Globetrotter",5388,20440,"Linz",2,"Department Store"
770,"Southern Europe",7005,90019,"Austria",6909,1309,"Ausrüstungshaus Globetrotter",5389,20441,"Innsbruck",2,"Department Store"
770,"Southern Europe",7005,90019,"Austria",6909,1309,"Ausrüstungshaus Globetrotter",5390,20442,"Ischgl",2,"Department Store"
770,"Southern Europe",7005,90019,"Austria",6910,1310,"Golfer-Paradies",5391,20443,"Innsbruck",1,"Golf Shop"
710,"Americas",1004,90002,"Canada",6913,1313,"Over the Top Cycles",5392,20445,"Moncton",3,"Direct Marketing"
710,"Americas",1004,90002,"Canada",6914,1314,"Excellence en Montagne",5393,20446,"Québec",6,"Outdoors Shop"
710,"Americas",1004,90002,"Canada",6915,1315,"Vacation Central",5394,20447,"Ottawa",3,"Direct Marketing"
710,"Americas",1004,90002,"Canada",6916,1316,"Outdoor Central Ltd",5395,20448,"Regina",6,"Outdoors Shop"
710,"Americas",1004,90002,"Canada",6917,1317,"Precipice Equipment",5396,20449,"Whistler",6,"Outdoors Shop"
710,"Americas",1004,90002,"Canada",6918,1318,"Clear Valley Waters",5397,20450,"Winnipeg",3,"Direct Marketing"
710,"Americas",1004,90002,"Canada",6919,1319,"Eyewear 2000",5398,20451,"Halifax",7,"Eyewear Store"
710,"Americas",1004,90002,"Canada",6920,1320,"Expert Fitness",5399,20452,"Calgary",4,"Warehouse Store"
710,"Americas",1004,90002,"Canada",6921,1321,"Andes Camping Supplies",5400,20453,"Banff",6,"Outdoors Shop"
710,"Americas",1004,90002,"Canada",6922,1322,"Golfer's Paradise",5401,20454,"London",1,"Golf Shop"
710,"Americas",1004,90002,"Canada",6923,1323,"Fresh Air Co",5402,20455,"Edmonton",8,"Sports Store"
710,"Americas",1004,90002,"Canada",6924,1324,"Mountaineering Gear",5403,20456,"West Vancouver",6,"Outdoors Shop"
710,"Americas",1004,90002,"Canada",6925,1325,"Boutique L'Aventure",5404,20457,"Montréal",8,"Sports Store"
710,"Americas",1004,90002,"Canada",6926,1326,"Clubhouse Sports",5405,20458,"Vancouver",8,"Sports Store"
760,"Central Europe",6002,90015,"Germany",6927,1327,"Der Camping-Laden",5406,20459,"Nürnberg",6,"Outdoors Shop"
760,"Central Europe",6002,90015,"Germany",6928,1328,"Club und Freizeit GmbH",5407,20460,"Aachen",6,"Outdoors Shop"
760,"Central Europe",6002,90015,"Germany",6929,1329,"Aktive Freizeit",5408,20461,"Passau",5,"Equipment Rental Store"
760,"Central Europe",6002,90015,"Germany",6930,1330,"Die Bergexperten",5409,20462,"Rüsselsheim",3,"Direct Marketing"
760,"Central Europe",6002,90015,"Germany",6931,1331,"Die Sportstube",5410,20463,"Arnsberg",8,"Sports Store"
760,"Central Europe",6002,90015,"Germany",6932,1332,"Naturbewußt",5411,20464,"Ulm",3,"Direct Marketing"
760,"Central Europe",6002,90015,"Germany",6933,1333,"Die Camping-Halle",5412,20465,"München",4,"Warehouse Store"
760,"Central Europe",6002,90015,"Germany",6934,1334,"Der Camping-Spezialist",5413,20466,"Bochum",3,"Direct Marketing"
760,"Central Europe",6002,90015,"Germany",6935,1335,"Super-Tourist",5414,20467,"Düsseldorf",5,"Equipment Rental Store"
760,"Central Europe",6002,90015,"Germany",6936,1336,"Schnelle Fitness",5415,20468,"Karlsruhe",5,"Equipment Rental Store"
760,"Central Europe",6002,90015,"Germany",6937,1337,"Sport Aktuell",5416,20469,"Bonn",8,"Sports Store"
760,"Central Europe",6002,90015,"Germany",6938,1338,"Ins Freie!",5417,20470,"Dortmund",6,"Outdoors Shop"
760,"Central Europe",6002,90015,"Germany",6939,1339,"Zelte und mehr",5418,20471,"Stuttgart",5,"Equipment Rental Store"
760,"Central Europe",6002,90015,"Germany",6940,1340,"Reisemarkt",5419,20472,"Duisburg",4,"Warehouse Store"
760,"Central Europe",6002,90015,"Germany",6941,1341,"Wanderliebe",5420,20473,"Frankfurt",5,"Equipment Rental Store"
760,"Central Europe",6002,90015,"Germany",6942,1342,"Freizeit-Consult",5421,20474,"Frankfurt",3,"Direct Marketing"
760,"Central Europe",6002,90015,"Germany",6943,1343,"Zielmarkt",5422,20475,"Düsseldorf",4,"Warehouse Store"
760,"Central Europe",6002,90015,"Germany",6944,1344,"Optik",5423,20476,"Hannover",7,"Eyewear Store"
760,"Central Europe",6002,90015,"Germany",6945,1345,"Superhike",5424,20477,"Krefeld",6,"Outdoors Shop"
760,"Central Europe",6002,90015,"Germany",6946,1346,"Wanderwelt",5425,20478,"Landshut",6,"Outdoors Shop"
760,"Central Europe",6002,90015,"Germany",6947,1347,"Sport-Lagerhalle",5426,20479,"Frankfurt",4,"Warehouse Store"
760,"Central Europe",6002,90015,"Germany",6948,1348,"Der Alpinist",5427,20480,"München",6,"Outdoors Shop"
760,"Central Europe",6002,90015,"Germany",6949,1349,"Sportwaren GmbH",5428,20481,"Solingen",2,"Department Store"
710,"Americas",1004,90002,"Canada",6950,1350,"Big T's Camping Supplies",5429,20482,"Edmonton",6,"Outdoors Shop"
710,"Americas",1004,90002,"Canada",6951,1351,"Lookout Below Ltd",5430,20483,"Kelowna",6,"Outdoors Shop"
710,"Americas",1004,90002,"Canada",6952,1352,"Hill Street Sports",5431,20484,"Kingston",8,"Sports Store"
710,"Americas",1004,90002,"Canada",6953,1353,"Wilderness Wonderment Ltd",5432,20485,"Peace River",5,"Equipment Rental Store"
710,"Americas",1004,90002,"Canada",6954,1354,"All Season Camping Goods",5433,20486,"Thunder Bay",6,"Outdoors Shop"
710,"Americas",1004,90002,"Canada",6955,1355,"Pack Man",5434,20487,"Trenton",6,"Outdoors Shop"
760,"Central Europe",6002,90015,"Germany",6956,1356,"Alpenfreizeit",5435,20488,"Bremen",6,"Outdoors Shop"
760,"Central Europe",6002,90015,"Germany",6957,1357,"Gipfelstürmer",5436,20489,"Köln",6,"Outdoors Shop"
760,"Central Europe",6002,90015,"Germany",6958,1358,"Ralph's Hike-Shop",5437,20490,"Leonberg",6,"Outdoors Shop"
710,"Americas",1003,90001,"United States",6959,1359,"Expedition Outfitters",5438,20491,"Austin",6,"Outdoors Shop"
710,"Americas",1020,90003,"Mexico",6960,1360,"Bicicletas La Rueda, S.A. de C.V.",5439,20492,"San Nicolás de los Garza",4,"Warehouse Store"
710,"Americas",1020,90003,"Mexico",6961,1361,"Cyclo-cross, S.A. de C.V.",5440,20493,"Monterey",6,"Outdoors Shop"
710,"Americas",1020,90003,"Mexico",6962,1362,"Deportes Pepe, S.C.",5441,20494,"León",8,"Sports Store"
710,"Americas",1020,90003,"Mexico",6963,1363,"Deportes La Fortaleza, S.A. de C.V.",5442,20495,"Distrito Federal",8,"Sports Store"
710,"Americas",1020,90003,"Mexico",6964,1364,"Deportes Martín, S.A. de C.V.",5443,20496,"Distrito Federal",3,"Direct Marketing"
710,"Americas",1020,90003,"Mexico",6965,1365,"Grupo Lozano, S.A. de C.V.",5444,20497,"San Pedro Garza García",5,"Equipment Rental Store"
710,"Americas",1020,90003,"Mexico",6966,1366,"Accesorios Importados, S.A. de C.V.",5445,20498,"Guadalajara",7,"Eyewear Store"
760,"Central Europe",6001,90014,"France",6967,1367,"OmniChoix",5446,20499,"Avignon",2,"Department Store"
760,"Central Europe",6001,90014,"France",6968,1368,"Aventure Marché",5447,20500,"Angoulême",3,"Direct Marketing"
760,"Central Europe",6001,90014,"France",6969,1369,"Produits Vivifiants",5448,20501,"Paris",3,"Direct Marketing"
760,"Central Europe",6001,90014,"France",6970,1370,"Cyclo-cross",5449,20502,"Grenoble",5,"Equipment Rental Store"
760,"Central Europe",6001,90014,"France",6971,1371,"Mont Blanc",5450,20503,"Chambéry",5,"Equipment Rental Store"
760,"Central Europe",6001,90014,"France",6972,1372,"Le Montagnard",5451,20504,"Valence",5,"Equipment Rental Store"
760,"Central Europe",6001,90014,"France",6973,1373,"Folie Verticale",5452,20505,"Paris",6,"Outdoors Shop"
760,"Central Europe",6001,90014,"France",6974,1374,"L'Équipée",5453,20506,"Paris",6,"Outdoors Shop"
760,"Central Europe",6001,90014,"France",6975,1375,"Par monts et par vaux",5454,20507,"Paris",6,"Outdoors Shop"
760,"Central Europe",6001,90014,"France",6976,1376,"Piquets et propane",5455,20508,"Paris",6,"Outdoors Shop"
760,"Central Europe",6001,90014,"France",6977,1377,"Plein'R",5456,20509,"Chamonix",6,"Outdoors Shop"
760,"Central Europe",6001,90014,"France",6978,1378,"Courses Montagne",5457,20510,"Paris",6,"Outdoors Shop"
760,"Central Europe",6001,90014,"France",6979,1379,"Vaisselle ALPES",5458,20511,"Caen",6,"Outdoors Shop"
760,"Central Europe",6001,90014,"France",6980,1380,"Sud Sports",5459,20512,"Rennes",8,"Sports Store"
760,"Central Europe",6001,90014,"France",6981,1381,"Sport Plaisir",5460,20513,"Poitiers",8,"Sports Store"
760,"Central Europe",6001,90014,"France",6982,1382,"Au vieux montagnard",5461,20514,"Paris",8,"Sports Store"
760,"Central Europe",6001,90014,"France",6983,1383,"La poudreuse",5462,20515,"Calais",8,"Sports Store"
760,"Central Europe",6001,90014,"France",6984,1384,"Ski d'été",5463,20516,"Paris",8,"Sports Store"
760,"Central Europe",6001,90014,"France",6985,1385,"Sports d'Hiver",5464,20517,"Grenoble",8,"Sports Store"
760,"Central Europe",6001,90014,"France",6986,1386,"Berger Sport en gros",5465,20518,"Rouen",4,"Warehouse Store"
760,"Central Europe",6001,90014,"France",6987,1387,"Aux meilleurs prix",5466,20519,"La Rochelle",4,"Warehouse Store"
760,"Central Europe",6001,90014,"France",6988,1388,"Tout l'extérieur",5467,20520,"Nantes",4,"Warehouse Store"
710,"Americas",1003,90001,"United States",6989,1389,"Sports Magnet",5468,20521,"Mobile",8,"Sports Store"
710,"Americas",1003,90001,"United States",6990,1390,"Sporting Goods Direct",5469,20522,"Montgomery",4,"Warehouse Store"
710,"Americas",1003,90001,"United States",6991,1391,"Big Fundy Outfitters",5470,20523,"Juneau",6,"Outdoors Shop"
710,"Americas",1003,90001,"United States",6992,1392,"Terra Nova Camping Rentals",5471,20524,"Tuscon",5,"Equipment Rental Store"
710,"Americas",1003,90001,"United States",6993,1393,"Bill's Cycle Shop",5472,20525,"Fayetteville",8,"Sports Store"
710,"Americas",1003,90001,"United States",6994,1394,"Odds and Ends Fishing Tackle",5473,20526,"Berkeley",6,"Outdoors Shop"
710,"Americas",1003,90001,"United States",6995,1395,"Algonquin Camping Supplies",5474,20527,"Los Angeles",6,"Outdoors Shop"
710,"Americas",1003,90001,"United States",6996,1396,"Granite Mountain Gear",5475,20528,"Oakland",6,"Outdoors Shop"
710,"Americas",1003,90001,"United States",6997,1397,"Wild Willy's Sports",5476,20529,"Pasadena",8,"Sports Store"
710,"Americas",1003,90001,"United States",6998,1398,"Kavanagh Sports",5477,20530,"San Clara",8,"Sports Store"
710,"Americas",1003,90001,"United States",6999,1399,"The Wilderness Hut",5478,20531,"San Francisco",6,"Outdoors Shop"
710,"Americas",1003,90001,"United States",7000,1400,"Expedition Club",5479,20532,"San Francisco",4,"Warehouse Store"
710,"Americas",1003,90001,"United States",7001,1401,"Husky Outfitters",5480,20533,"Colorado Springs",6,"Outdoors Shop"
710,"Americas",1003,90001,"United States",7002,1402,"Great Adventures",5481,20534,"Denver",6,"Outdoors Shop"
710,"Americas",1003,90001,"United States",7003,1403,"Billing's Department Store",5482,20535,"Norwalk",2,"Department Store"
710,"Americas",1003,90001,"United States",7004,1404,"Red Wiggler Tackle Shop",5483,20536,"Washington",6,"Outdoors Shop"
710,"Americas",1003,90001,"United States",7005,1405,"Eagle Eyes",5484,20537,"Wilmington",7,"Eyewear Store"
710,"Americas",1003,90001,"United States",7006,1406,"Nature Voyageurs",5485,20538,"Orlando",6,"Outdoors Shop"
710,"Americas",1003,90001,"United States",7007,1407,"Big Portage Outfitters",5486,20539,"Tallahassee",6,"Outdoors Shop"
710,"Americas",1003,90001,"United States",7008,1408,"The Wilderness Experts",5487,20540,"Savannah",6,"Outdoors Shop"
710,"Americas",1003,90001,"United States",7009,1409,"I-wear Direct",5488,20541,"Honolulu",3,"Direct Marketing"
710,"Americas",1003,90001,"United States",7010,1410,"The Golfing Pros",5489,20542,"Boise",1,"Golf Shop"
710,"Americas",1003,90001,"United States",7011,1411,"Great Expeditions",5490,20543,"Chicago",6,"Outdoors Shop"
710,"Americas",1003,90001,"United States",7012,1412,"Game On! Sports",5491,20544,"Springfield",8,"Sports Store"
710,"Americas",1003,90001,"United States",7013,1413,"Vertical Frontiers Mountain Gear",5492,20545,"Bloomington",6,"Outdoors Shop"
710,"Americas",1003,90001,"United States",7014,1414,"Sportmans Warehouse",5493,20546,"Des Moines",4,"Warehouse Store"
710,"Americas",1003,90001,"United States",7015,1415,"Great River Adventures",5494,20547,"Wichita",6,"Outdoors Shop"
710,"Americas",1003,90001,"United States",7016,1416,"Off Course Golf Shop",5495,20548,"Lexington",1,"Golf Shop"
710,"Americas",1003,90001,"United States",7017,1417,"The Wilderness Depot",5496,20549,"Bangor",4,"Warehouse Store"
710,"Americas",1003,90001,"United States",7018,1418,"Franklin's Department Store",5497,20550,"Rockville",2,"Department Store"
710,"Americas",1003,90001,"United States",7019,1419,"Outdoors Direct",5498,20551,"Burlington",3,"Direct Marketing"
710,"Americas",1003,90001,"United States",7020,1420,"The Driving Range",5499,20552,"Grand Rapids",1,"Golf Shop"
710,"Americas",1003,90001,"United States",7021,1421,"The Last Frontier",5500,20553,"Saint Paul",6,"Outdoors Shop"
710,"Americas",1003,90001,"United States",7022,1422,"The Golf Cart",5501,20554,"Oxford",1,"Golf Shop"
710,"Americas",1003,90001,"United States",7023,1423,"Big Valley Camping Goods",5502,20555,"St. Louis",6,"Outdoors Shop"
710,"Americas",1003,90001,"United States",7024,1424,"The Sport Pros",5503,20556,"Helena",8,"Sports Store"
710,"Americas",1003,90001,"United States",7025,1425,"Nature Bound",5504,20557,"Manchester",6,"Outdoors Shop"
710,"Americas",1003,90001,"United States",7026,1426,"The Sport Gurus",5505,20558,"Newark",8,"Sports Store"
710,"Americas",1003,90001,"United States",7027,1427,"Surf's Up!",5506,20559,"Princeton",8,"Sports Store"
710,"Americas",1003,90001,"United States",7028,1428,"Starting Line Sports",5507,20560,"Brooklyn",8,"Sports Store"
710,"Americas",1003,90001,"United States",7029,1429,"Sports Crossing",5508,20561,"New York",8,"Sports Store"
710,"Americas",1003,90001,"United States",7030,1430,"Base Camp Essentials",5509,20562,"New York",6,"Outdoors Shop"
710,"Americas",1003,90001,"United States",7031,1431,"Nature Lovers",5510,20563,"New York",6,"Outdoors Shop"
710,"Americas",1003,90001,"United States",7032,1432,"The World of Sports",5511,20564,"Rochester",8,"Sports Store"
710,"Americas",1003,90001,"United States",7033,1433,"The Bazaar",5512,20565,"Charlotte",2,"Department Store"
710,"Americas",1003,90001,"United States",7034,1434,"The Sports Market",5513,20566,"Raleigh",8,"Sports Store"
710,"Americas",1003,90001,"United States",7035,1435,"On the Green Rentals",5514,20567,"Cleveland",5,"Equipment Rental Store"
710,"Americas",1003,90001,"United States",7036,1436,"Acute Sight",5515,20568,"Columbus",7,"Eyewear Store"
710,"Americas",1003,90001,"United States",7037,1437,"Crazy Canucks",5516,20569,"Portland",6,"Outdoors Shop"
710,"Americas",1003,90001,"United States",7038,1438,"Rent All Sports",5517,20570,"Harrisburg",5,"Equipment Rental Store"
710,"Americas",1003,90001,"United States",7039,1439,"The Mountain Specialists",5518,20571,"Philadelphia",6,"Outdoors Shop"
710,"Americas",1003,90001,"United States",7040,1440,"The Canoe Experts",5519,20572,"Columbia",6,"Outdoors Shop"
710,"Americas",1003,90001,"United States",7041,1441,"Boot Camp Equipment",5520,20573,"Memphis",4,"Warehouse Store"
710,"Americas",1003,90001,"United States",7042,1442,"Fresh Air Fitness",5521,20574,"Corpus Christi",8,"Sports Store"
710,"Americas",1003,90001,"United States",7043,1443,"Sports Vision",5522,20575,"Dallas",8,"Sports Store"
710,"Americas",1003,90001,"United States",7044,1444,"Parr's Golf Store",5523,20576,"San Antonio",1,"Golf Shop"
710,"Americas",1003,90001,"United States",7045,1445,"The Sports Factory",5524,20577,"Richmond",2,"Department Store"
710,"Americas",1003,90001,"United States",7046,1446,"Mom's Camping Goods",5525,20578,"Tacoma",6,"Outdoors Shop"
710,"Americas",1003,90001,"United States",7047,1447,"Cycle Maniacs",5526,20579,"Milwaukee",8,"Sports Store"
710,"Americas",1003,90001,"United States",7048,1448,"Peak Gear",5527,20580,"Cheyenne",6,"Outdoors Shop"
760,"Central Europe",6002,90015,"Germany",7049,1449,"Ultra Sport",5528,20581,"Frankfurt",8,"Sports Store"
740,"Asia Pacific",4011,90005,"Japan",7050,1450,"Azabu Golf Shop",5529,20582,"Minato-ku",1,"Golf Shop"
740,"Asia Pacific",4011,90005,"Japan",7051,1451,"Daibutsu Golf Shop",5530,20583,"Osaka City",1,"Golf Shop"
740,"Asia Pacific",4011,90005,"Japan",7052,1452,"Fukuoka Golf Shop",5531,20584,"Fukuoka City",1,"Golf Shop"
740,"Asia Pacific",4011,90005,"Japan",7053,1453,"Gyutan Golf Shop",5532,20585,"Sendai City",1,"Golf Shop"
740,"Asia Pacific",4011,90005,"Japan",7054,1454,"Hakata Tozanyouhin Senmonten",5533,20586,"Fukuoka City",5,"Equipment Rental Store"
740,"Asia Pacific",4011,90005,"Japan",7055,1455,"Hankai Tozanyouhinten",5534,20587,"Osaka City",5,"Equipment Rental Store"
740,"Asia Pacific",4011,90005,"Japan",7056,1456,"Hashimoto Sport Ten",5535,20588,"Toshima-ku",8,"Sports Store"
740,"Asia Pacific",4011,90005,"Japan",7057,1457,"Jouhou Kakumei Net",5536,20589,"Minato-ku",3,"Direct Marketing"
740,"Asia Pacific",4011,90005,"Japan",7058,1458,"Kansai Megane",5537,20590,"Osaka City",7,"Eyewear Store"
740,"Asia Pacific",4011,90005,"Japan",7059,1459,"Kurashiro Golf Ten",5538,20591,"Hiroshima City",1,"Golf Shop"
740,"Asia Pacific",4011,90005,"Japan",7060,1460,"Mihara Sport",5539,20592,"Taito-ku",8,"Sports Store"
740,"Asia Pacific",4011,90005,"Japan",7061,1461,"Mitumaru Shoji Sport Youhinten",5540,20593,"Suginami-ku",8,"Sports Store"
740,"Asia Pacific",4011,90005,"Japan",7062,1462,"Nankyu Outdoor Youhin Senmonten",5541,20594,"Sendai City",6,"Outdoors Shop"
740,"Asia Pacific",4011,90005,"Japan",7063,1463,"Nitto Sport Ten",5542,20595,"Sapporo City",8,"Sports Store"
740,"Asia Pacific",4011,90005,"Japan",7064,1464,"Ozu Golf Shop",5543,20596,"Shibuya-ku",1,"Golf Shop"
740,"Asia Pacific",4011,90005,"Japan",7065,1465,"Sasaki Sport Ten",5544,20597,"Osaka City",8,"Sports Store"
740,"Asia Pacific",4011,90005,"Japan",7066,1466,"Shinozaki Outdoor Shop",5545,20598,"Chiyoda-ku",6,"Outdoors Shop"
740,"Asia Pacific",4011,90005,"Japan",7067,1467,"Shoumaru Hyakkaten",5546,20599,"Taito-ku",2,"Department Store"
740,"Asia Pacific",4011,90005,"Japan",7068,1468,"Todoroki Outdoor Shop",5547,20600,"Osaka City",6,"Outdoors Shop"
740,"Asia Pacific",4011,90005,"Japan",7069,1469,"Tokyo Megane",5548,20601,"Chuo-ku",7,"Eyewear Store"
740,"Asia Pacific",4011,90005,"Japan",7070,1470,"Uragome Outdoor Youhinten",5549,20602,"Osaka City",6,"Outdoors Shop"
740,"Asia Pacific",4011,90005,"Japan",7071,1471,"Yamazaki Sport Youhinten",5550,20603,"Taito-ku",8,"Sports Store"
740,"Asia Pacific",4011,90005,"Japan",7072,1472,"Nomura Outdoor Yohinten",5551,20604,"Hiroshima City",6,"Outdoors Shop"
740,"Asia Pacific",4011,90005,"Japan",7073,1473,"Toutate Hyakkaten",5552,20605,"Osaka City",2,"Department Store"
740,"Asia Pacific",4011,90005,"Japan",7074,1474,"Benriya Net",5553,20606,"Fukuoka City",3,"Direct Marketing"
740,"Asia Pacific",4011,90005,"Japan",7075,1475,"Midoribashi Megane",5554,20607,"Osaka City",7,"Eyewear Store"
740,"Asia Pacific",4011,90005,"Japan",7076,1476,"Mentai Sport Shop",5555,20608,"Kontake City",8,"Sports Store"
740,"Asia Pacific",4016,90009,"Australia",7077,1477,"Gone Bush Supplies",5556,20609,"Geelong",5,"Equipment Rental Store"
740,"Asia Pacific",4016,90009,"Australia",7078,1478,"Top End Equipment",5557,20610,"St. Kilda",3,"Direct Marketing"
740,"Asia Pacific",4016,90009,"Australia",7079,1479,"4 Golf only",5558,20611,"Melbourne",1,"Golf Shop"
740,"Asia Pacific",4016,90009,"Australia",7080,1480,"Black Stump Camping Supplies",5559,20612,"Cairns",6,"Outdoors Shop"
740,"Asia Pacific",4016,90009,"Australia",7081,1481,"OutBack Pty",5560,20613,"Brisbane",6,"Outdoors Shop"
740,"Asia Pacific",4016,90009,"Australia",7082,1482,"Harbour Pty Ltd.",5561,20614,"Perth",4,"Warehouse Store"
740,"Asia Pacific",4016,90009,"Australia",7083,1483,"Jackos Enviro Shop",5562,20615,"St. Leonards",4,"Warehouse Store"
740,"Asia Pacific",4016,90009,"Australia",7084,1484,"Southern Cross Pty.",5563,20616,"Perth",7,"Eyewear Store"
740,"Asia Pacific",4016,90009,"Australia",7085,1485,"Can't Beat The Bush Supplies",5564,20617,"Sydney",3,"Direct Marketing"
740,"Asia Pacific",4016,90009,"Australia",7086,1486,"Watson's Golf Supplies",5565,20618,"St. Kilda",1,"Golf Shop"
770,"Southern Europe",7005,90019,"Austria",7087,1487,"Sporthaus Moser",5566,20619,"Wien",6,"Outdoors Shop"
770,"Southern Europe",7005,90019,"Austria",7088,1488,"Kaufhaus Freizeit",5567,20620,"Ternitz",2,"Department Store"
770,"Southern Europe",7005,90019,"Austria",7089,1489,"Olympia Ausrüstung",5568,20621,"Klosterneuburg",4,"Warehouse Store"
770,"Southern Europe",7005,90019,"Austria",7090,1490,"Sportartikel-Fundgrube",5569,20622,"Linz",8,"Sports Store"
770,"Southern Europe",7005,90019,"Austria",7091,1491,"Der Golfshop",5570,20623,"Ischgl",1,"Golf Shop"
770,"Southern Europe",7005,90019,"Austria",7092,1492,"Öko-Versand",5571,20624,"Graz",3,"Direct Marketing"
770,"Southern Europe",7005,90019,"Austria",7093,1493,"Freizeit-Lager",5572,20625,"Graz",4,"Warehouse Store"
770,"Southern Europe",7005,90019,"Austria",7094,1494,"Sportladen 1-2-3",5573,20626,"Klagenfurt",8,"Sports Store"
770,"Southern Europe",7005,90019,"Austria",7095,1495,"Camping 2000",5574,20627,"Arnoldstein",6,"Outdoors Shop"
760,"Central Europe",6017,90018,"Belgium",7096,1496,"De Camping Specialist",5575,20628,"Brussel",6,"Outdoors Shop"
760,"Central Europe",6017,90018,"Belgium",7097,1497,"Het Sporthuis",5576,20629,"Antwerpen",8,"Sports Store"
760,"Central Europe",6017,90018,"Belgium",7098,1498,"Le Bazar",5577,20630,"Waterloo",2,"Department Store"
760,"Central Europe",6017,90018,"Belgium",7099,1499,"Swing Back",5578,20631,"Bruxelles",1,"Golf Shop"
760,"Central Europe",6017,90018,"Belgium",7100,1500,"Pleine Forme",5579,20632,"Bruxelles",8,"Sports Store"
760,"Central Europe",6017,90018,"Belgium",7101,1501,"Stock Express",5580,20633,"Louvain-La-Neuve",4,"Warehouse Store"
710,"Americas",1021,90004,"Brazil",7102,1502,"Lojas do Esportista",5581,20634,"Belo Horizonte",8,"Sports Store"
710,"Americas",1021,90004,"Brazil",7103,1503,"Palácio do Camping",5582,20635,"Florianópolis",6,"Outdoors Shop"
710,"Americas",1021,90004,"Brazil",7104,1504,"Paulista Esportes",5583,20636,"São Paulo",1,"Golf Shop"
710,"Americas",1021,90004,"Brazil",7105,1505,"Casa do Alpinista",5584,20637,"Porto Alegre",8,"Sports Store"
710,"Americas",1021,90004,"Brazil",7106,1506,"Mega Shop do Esporte",5585,20638,"Rio de Janeiro",4,"Warehouse Store"
710,"Americas",1021,90004,"Brazil",7107,1507,"Esportópolis",5586,20639,"São Paulo",4,"Warehouse Store"
710,"Americas",1021,90004,"Brazil",7108,1508,"Rei do Camping",5587,20640,"Rio de Janeiro",6,"Outdoors Shop"
710,"Americas",1021,90004,"Brazil",7109,1509,"Morro Sports",5588,20641,"Rio de Janeiro",8,"Sports Store"
740,"Asia Pacific",4014,90008,"China",7110,1510,"Great Dragon Group",5589,20642,"Harbin",7,"Eyewear Store"
740,"Asia Pacific",4014,90008,"China",7111,1511,"W&S Gloria Sport Center",5590,20643,"Jinan",3,"Direct Marketing"
740,"Asia Pacific",4014,90008,"China",7112,1512,"Shaoxing NARI Co., LTD.",5591,20644,"Nuhhot",6,"Outdoors Shop"
740,"Asia Pacific",4014,90008,"China",7113,1513,"Inner Mongolia Xin Zhong Co., LTD",5592,20645,"Shanghai",2,"Department Store"
740,"Asia Pacific",4014,90008,"China",7114,1514,"Rainbow Service Co., LTD.",5593,20646,"Shanghai",4,"Warehouse Store"
740,"Asia Pacific",4014,90008,"China",7115,1515,"ORDER Group",5594,20647,"Shanghai",6,"Outdoors Shop"
740,"Asia Pacific",4014,90008,"China",7116,1516,"COMLINRK International Enterprises LTD.",5595,20648,"Shaoxing",6,"Outdoors Shop"
740,"Asia Pacific",4014,90008,"China",7117,1517,"Kingdee Co., LTD.",5596,20649,"Tongluowan",4,"Warehouse Store"
750,"Northern Europe",5018,90012,"Denmark",7118,1518,"Classens",5597,20650,"København",2,"Department Store"
750,"Northern Europe",5018,90012,"Denmark",7119,1519,"Golf Butikken",5598,20651,"Åbyhøj",1,"Golf Shop"
750,"Northern Europe",5018,90012,"Denmark",7120,1520,"København Brillecenter",5599,20652,"Herning",7,"Eyewear Store"
750,"Northern Europe",5018,90012,"Denmark",7121,1521,"Aarhus Sport",5600,20653,"Ballerup",8,"Sports Store"
750,"Northern Europe",5018,90012,"Denmark",7122,1522,"Vi Lejer Ud A/S",5601,20654,"Aarhus",5,"Equipment Rental Store"
750,"Northern Europe",5018,90012,"Denmark",7123,1523,"Campingvarehuset",5602,20655,"Randers",6,"Outdoors Shop"
750,"Northern Europe",5018,90012,"Denmark",7124,1524,"Media Center A/S",5603,20656,"Odense",3,"Direct Marketing"
750,"Northern Europe",5018,90012,"Denmark",7125,1525,"Storkøb",5604,20657,"Silkeborg",4,"Warehouse Store"
750,"Northern Europe",5018,90012,"Denmark",7126,1526,"Hartvigsens",5605,20658,"Give",2,"Department Store"
750,"Northern Europe",5018,90012,"Denmark",7127,1527,"Martin's Golf",5606,20659,"Aalborg",1,"Golf Shop"
750,"Northern Europe",5018,90012,"Denmark",7128,1528,"København Storecenter",5607,20660,"Aabenraa",4,"Warehouse Store"
750,"Northern Europe",5022,90013,"Finland",7129,1529,"Tavaratalo Mattas Oy",5608,20661,"Kemi",2,"Department Store"
750,"Northern Europe",5022,90013,"Finland",7130,1530,"Sihvolan Postmyynti",5609,20662,"Kuopio",3,"Direct Marketing"
750,"Northern Europe",5022,90013,"Finland",7131,1531,"Silmäasema Karell Oy",5610,20663,"Pori",7,"Eyewear Store"
750,"Northern Europe",5022,90013,"Finland",7132,1532,"Golfmaailma HL",5611,20664,"Lieksa",1,"Golf Shop"
750,"Northern Europe",5022,90013,"Finland",7133,1533,"Töölön Urheilu ja Pyörä",5612,20665,"Kajaani",8,"Sports Store"
750,"Northern Europe",5022,90013,"Finland",7134,1534,"Urheilu Sihvola",5613,20666,"Parainen",8,"Sports Store"
750,"Northern Europe",5022,90013,"Finland",7135,1535,"Rantalan Tukku",5614,20667,"Salo",4,"Warehouse Store"
770,"Southern Europe",7006,90020,"Italy",7136,1536,"Gli Sportivi",5615,20668,"Bergamo",5,"Equipment Rental Store"
770,"Southern Europe",7006,90020,"Italy",7137,1537,"Mari&Monti",5616,20669,"Firenze",7,"Eyewear Store"
770,"Southern Europe",7006,90020,"Italy",7138,1538,"Tre Valli",5617,20670,"Genova",4,"Warehouse Store"
770,"Southern Europe",7006,90020,"Italy",7139,1539,"AcquaVerde",5618,20671,"Milano",6,"Outdoors Shop"
770,"Southern Europe",7006,90020,"Italy",7140,1540,"Rossi Accessori",5619,20672,"Napoli",3,"Direct Marketing"
770,"Southern Europe",7006,90020,"Italy",7141,1541,"Le Vele",5620,20673,"Roma",2,"Department Store"
770,"Southern Europe",7006,90020,"Italy",7142,1542,"Giorgi",5621,20674,"Roma",1,"Golf Shop"
770,"Southern Europe",7006,90020,"Italy",7143,1543,"Centro dello Sportivo",5622,20675,"Torino",8,"Sports Store"
770,"Southern Europe",7006,90020,"Italy",7144,1544,"La Rondine",5623,20676,"Venezia",2,"Department Store"
770,"Southern Europe",7006,90020,"Italy",7145,1545,"Compagnia dei Viaggiatori",5624,20677,"Torino",6,"Outdoors Shop"
770,"Southern Europe",7006,90020,"Italy",7146,1546,"L' Esploratore",5625,20678,"Milano",6,"Outdoors Shop"
740,"Asia Pacific",4013,90007,"Korea",7147,1547,"Hanaro Department",5626,20679,"Seoul",2,"Department Store"
740,"Asia Pacific",4013,90007,"Korea",7148,1548,"Asan Department",5627,20680,"Seoul",2,"Department Store"
740,"Asia Pacific",4013,90007,"Korea",7149,1549,"Daeung Rental",5628,20681,"Seoul",5,"Equipment Rental Store"
740,"Asia Pacific",4013,90007,"Korea",7150,1550,"Hanshin Department",5629,20682,"Taegu",2,"Department Store"
740,"Asia Pacific",4013,90007,"Korea",7151,1551,"DongHan company",5630,20683,"Pucheon",3,"Direct Marketing"
740,"Asia Pacific",4013,90007,"Korea",7152,1552,"Tongil Sports",5631,20684,"Incheon",8,"Sports Store"
740,"Asia Pacific",4013,90007,"Korea",7153,1553,"Hankook Sports",5632,20685,"Pusan",8,"Sports Store"
740,"Asia Pacific",4013,90007,"Korea",7154,1554,"Kong's Sports",5633,20686,"Pusan",8,"Sports Store"
740,"Asia Pacific",4013,90007,"Korea",7155,1555,"Shingu Golf",5634,20687,"Taejeon",1,"Golf Shop"
740,"Asia Pacific",4013,90007,"Korea",7156,1556,"Samdo Club",5635,20688,"Pusan",4,"Warehouse Store"
750,"Northern Europe",5007,90010,"Netherlands",7157,1557,"SportTotaal",5636,20689,"Amsterdam",4,"Warehouse Store"
750,"Northern Europe",5007,90010,"Netherlands",7158,1558,"Sport Gezond",5637,20690,"Steenwijk",2,"Department Store"
750,"Northern Europe",5007,90010,"Netherlands",7159,1559,"Van Out Bv.",5638,20691,"Schagen",7,"Eyewear Store"
750,"Northern Europe",5007,90010,"Netherlands",7160,1560,"Anywhere Everywhere",5639,20692,"Purmerend",7,"Eyewear Store"
750,"Northern Europe",5007,90010,"Netherlands",7161,1561,"Het Fitte Gevoel",5640,20693,"Oosterbeek",1,"Golf Shop"
750,"Northern Europe",5007,90010,"Netherlands",7162,1562,"Cornelius' buitensport",5641,20694,"Middelburg",6,"Outdoors Shop"
750,"Northern Europe",5007,90010,"Netherlands",7163,1563,"Klimmeester",5642,20695,"Maastricht",6,"Outdoors Shop"
750,"Northern Europe",5007,90010,"Netherlands",7164,1564,"Fred's Sportpaleis",5643,20696,"Dedemsvaart",4,"Warehouse Store"
750,"Northern Europe",5007,90010,"Netherlands",7165,1565,"Eurobal",5644,20697,"Amsterdam",8,"Sports Store"
750,"Northern Europe",5007,90010,"Netherlands",7166,1566,"Kampeer Top Shop",5645,20698,"Dronten",6,"Outdoors Shop"
750,"Northern Europe",5007,90010,"Netherlands",7167,1567,"Klimgek Bv.",5646,20699,"Amsterdam",6,"Outdoors Shop"
750,"Northern Europe",5007,90010,"Netherlands",7168,1568,"Aarde Rond Bv.",5647,20700,"St-Maartensvlotbrug",5,"Equipment Rental Store"
770,"Southern Europe",7019,90021,"Spain",7169,1569,"Picos",5648,20701,"Barcelona",2,"Department Store"
770,"Southern Europe",7019,90021,"Spain",7170,1570,"Valle Luz",5649,20702,"Bilbao",2,"Department Store"
770,"Southern Europe",7019,90021,"Spain",7171,1571,"Candanchú",5650,20703,"Gijón",6,"Outdoors Shop"
770,"Southern Europe",7019,90021,"Spain",7172,1572,"Golf España",5651,20704,"Logroño",1,"Golf Shop"
770,"Southern Europe",7019,90021,"Spain",7173,1573,"Alpino",5652,20705,"Madrid",6,"Outdoors Shop"
770,"Southern Europe",7019,90021,"Spain",7174,1574,"Supremas Montañas",5653,20706,"Zaragoza",6,"Outdoors Shop"
760,"Central Europe",6008,90016,"Switzerland",7175,1575,"Crèmes solaires",5654,20707,"Lausanne",6,"Outdoors Shop"
760,"Central Europe",6008,90016,"Switzerland",7176,1576,"Contacts maisons",5655,20708,"Genève",3,"Direct Marketing"
760,"Central Europe",6008,90016,"Switzerland",7177,1577,"Construction Montagne",5656,20709,"Genève",4,"Warehouse Store"
760,"Central Europe",6008,90016,"Switzerland",7178,1578,"RosaCamping",5657,20710,"Locarno",6,"Outdoors Shop"
760,"Central Europe",6008,90016,"Switzerland",7179,1579,"Optikhaus",5658,20711,"Dietikon",7,"Eyewear Store"
760,"Central Europe",6008,90016,"Switzerland",7180,1580,"Bergsteiger-Glück",5659,20712,"Wangen",2,"Department Store"
760,"Central Europe",6008,90016,"Switzerland",7181,1581,"La Slitta",5660,20713,"Lugano",2,"Department Store"
760,"Central Europe",6008,90016,"Switzerland",7182,1582,"Cordages Divers",5661,20714,"Lausanne",6,"Outdoors Shop"
760,"Central Europe",6008,90016,"Switzerland",7183,1583,"Topsport",5662,20715,"Burgdorf",8,"Sports Store"
760,"Central Europe",6008,90016,"Switzerland",7184,1584,"Escalades voyages",5663,20716,"Genève",3,"Direct Marketing"
760,"Central Europe",6008,90016,"Switzerland",7185,1585,"Divers Montagne",5664,20717,"Fribourg",6,"Outdoors Shop"
760,"Central Europe",6008,90016,"Switzerland",7186,1586,"Camping douceur",5665,20718,"Fribourg",6,"Outdoors Shop"
760,"Central Europe",6008,90016,"Switzerland",7187,1587,"Haus der Tramper",5666,20719,"Engelburg",2,"Department Store"
760,"Central Europe",6008,90016,"Switzerland",7188,1588,"Supertramp",5667,20720,"Basel",4,"Warehouse Store"
760,"Central Europe",6008,90016,"Switzerland",7189,1589,"Alpin Sport",5668,20721,"Aargau",6,"Outdoors Shop"
760,"Central Europe",6008,90016,"Switzerland",7190,1590,"Gregoretti Sport",5669,20722,"Luino",3,"Direct Marketing"
760,"Central Europe",6008,90016,"Switzerland",7191,1591,"Tentes et cordages",5670,20723,"Fribourg",6,"Outdoors Shop"
760,"Central Europe",6008,90016,"Switzerland",7192,1592,"Golf Haus",5671,20724,"Aarau",1,"Golf Shop"
760,"Central Europe",6008,90016,"Switzerland",7193,1593,"Camp 34",5672,20725,"Gümligen",6,"Outdoors Shop"
760,"Central Europe",6008,90016,"Switzerland",7194,1594,"Mondo Neve",5673,20726,"Luino",5,"Equipment Rental Store"
740,"Asia Pacific",4012,90006,"Singapore",7195,1595,"World-Wild Sport Equipment Co.",5674,20727,"Singapore",6,"Outdoors Shop"
740,"Asia Pacific",4012,90006,"Singapore",7196,1596,"Gin May Enterprises Co.",5675,20728,"Singapore",1,"Golf Shop"
740,"Asia Pacific",4012,90006,"Singapore",7197,1597,"Yuan Li Enterprises Co.",5676,20729,"Singapore",4,"Warehouse Store"
740,"Asia Pacific",4012,90006,"Singapore",7198,1598,"Hong Wai Enterprises Co.",5677,20730,"Singapore",5,"Equipment Rental Store"
740,"Asia Pacific",4012,90006,"Singapore",7199,1599,"Chuan Yang Sport Equipment Co.",5678,20731,"Singapore",6,"Outdoors Shop"
740,"Asia Pacific",4012,90006,"Singapore",7200,1600,"Moun Tin Huan Health & Sport Equipment Co.",5679,20732,"Singapore",3,"Direct Marketing"
740,"Asia Pacific",4012,90006,"Singapore",7201,1601,"Extensive Enterprises Co.",5680,20733,"Singapore",6,"Outdoors Shop"
740,"Asia Pacific",4012,90006,"Singapore",7202,1602,"James Enterprise Co.",5681,20734,"Singapore",6,"Outdoors Shop"
740,"Asia Pacific",4012,90006,"Singapore",7203,1603,"Chen Ze May Enterprises Co., Ltd.",5682,20735,"Singapore",4,"Warehouse Store"
760,"Central Europe",6009,90017,"United Kingdom",7204,1604,"Percy's Irons",5683,20736,"London",1,"Golf Shop"
760,"Central Europe",6009,90017,"United Kingdom",7205,1605,"Baxters Pro Shop",5684,20737,"London",1,"Golf Shop"
760,"Central Europe",6009,90017,"United Kingdom",7206,1606,"Breathe Free ltd",5685,20738,"London",3,"Direct Marketing"
760,"Central Europe",6009,90017,"United Kingdom",7207,1607,"Brown's Opticians",5686,20739,"Reading",7,"Eyewear Store"
760,"Central Europe",6009,90017,"United Kingdom",7208,1608,"Campland Limited",5687,20740,"Reading",6,"Outdoors Shop"
760,"Central Europe",6009,90017,"United Kingdom",7209,1609,"Country Esquire",5688,20741,"Milton Keynes",6,"Outdoors Shop"
760,"Central Europe",6009,90017,"United Kingdom",7210,1610,"Edge Mountainwear",5689,20742,"Oxford",6,"Outdoors Shop"
760,"Central Europe",6009,90017,"United Kingdom",7211,1611,"FreshCo",5690,20743,"Oxford",2,"Department Store"
760,"Central Europe",6009,90017,"United Kingdom",7212,1612,"Berkshire Traders",5691,20744,"Reading",6,"Outdoors Shop"
760,"Central Europe",6009,90017,"United Kingdom",7213,1613,"Outdoor World",5692,20745,"Milton Keynes",6,"Outdoors Shop"
760,"Central Europe",6009,90017,"United Kingdom",7214,1614,"Seamate Chandlers",5693,20746,"Birmingham",6,"Outdoors Shop"
760,"Central Europe",6009,90017,"United Kingdom",7215,1615,"Smith's Chemists",5694,20747,"Telford",4,"Warehouse Store"
760,"Central Europe",6009,90017,"United Kingdom",7216,1616,"Sportlife",5695,20748,"Luton",8,"Sports Store"
760,"Central Europe",6009,90017,"United Kingdom",7217,1617,"Starsight Limited",5696,20749,"Oxford",3,"Direct Marketing"
760,"Central Europe",6009,90017,"United Kingdom",7218,1618,"The Cutting Edge",5697,20750,"Bristol",3,"Direct Marketing"
760,"Central Europe",6009,90017,"United Kingdom",7219,1619,"Tee Time Limited",5698,20751,"Oxford",1,"Golf Shop"
760,"Central Europe",6009,90017,"United Kingdom",7220,1620,"The Golf Boutique",5699,20752,"London",1,"Golf Shop"
760,"Central Europe",6009,90017,"United Kingdom",7221,1621,"Total Sports",5700,20753,"Brighton",8,"Sports Store"
760,"Central Europe",6009,90017,"United Kingdom",7222,1622,"Visual Experience",5701,20754,"London",6,"Outdoors Shop"
760,"Central Europe",6009,90017,"United Kingdom",7223,1623,"The Village Chemist",5702,20755,"Bristol",4,"Warehouse Store"
760,"Central Europe",6009,90017,"United Kingdom",7224,1624,"Franklins'",5703,20756,"Reading",2,"Department Store"
760,"Central Europe",6009,90017,"United Kingdom",7225,1625,"Focus Eyewear",5704,20757,"Nottingham",7,"Eyewear Store"
750,"Northern Europe",5010,90011,"Sweden",7226,1626,"RR:s Stormarknad",5705,20758,"Helsingborg",2,"Department Store"
750,"Northern Europe",5010,90011,"Sweden",7227,1627,"Jakt och Fritid AB",5706,20759,"Stockholm",6,"Outdoors Shop"
750,"Northern Europe",5010,90011,"Sweden",7228,1628,"Klättringsexperten AB",5707,20760,"Lidingö",3,"Direct Marketing"
750,"Northern Europe",5010,90011,"Sweden",7229,1629,"Cykelcentrum",5708,20761,"Malmö",8,"Sports Store"
750,"Northern Europe",5010,90011,"Sweden",7230,1630,"Fritidscenter",5709,20762,"Norrtälje",5,"Equipment Rental Store"
750,"Northern Europe",5010,90011,"Sweden",7231,1631,"Skog & Mark AB",5710,20763,"Nynäshamn",7,"Eyewear Store"
750,"Northern Europe",5010,90011,"Sweden",7232,1632,"Golf Butiken",5711,20764,"Örebro",1,"Golf Shop"
750,"Northern Europe",5010,90011,"Sweden",7233,1633,"Hole in One AB",5712,20765,"Stenungsund",1,"Golf Shop"
750,"Northern Europe",5010,90011,"Sweden",7234,1634,"REX Klätterutrustning AB",5713,20766,"Stockholm",4,"Warehouse Store"
750,"Northern Europe",5010,90011,"Sweden",7235,1635,"Allt för camping AB",5714,20767,"Umeå",6,"Outdoors Shop"
750,"Northern Europe",5010,90011,"Sweden",7236,1636,"Aqua Sport",5715,20768,"Köping",8,"Sports Store"
750,"Northern Europe",5010,90011,"Sweden",7237,1637,"Sport Experten AB",5716,20769,"Åkersberga",8,"Sports Store"
750,"Northern Europe",5010,90011,"Sweden",7238,1638,"Toppform AB",5717,20770,"Nässjö",4,"Warehouse Store"
750,"Northern Europe",5010,90011,"Sweden",7239,1639,"Stinas Campingutrustning",5718,20771,"Piteå",6,"Outdoors Shop"
760,"Central Europe",6017,90018,"Belgium",7240,1640,"Kermasport",5719,20772,"Antwerpen",7,"Eyewear Store"
760,"Central Europe",6002,90015,"Germany",7241,1641,"Aktiv Markt",5720,20773,"München",8,"Sports Store"
760,"Central Europe",6002,90015,"Germany",7242,1642,"Sportarena",5721,20774,"München",8,"Sports Store"
760,"Central Europe",6017,90018,"Belgium",7243,1643,"Nautic Aspect",5722,20775,"Brugge",8,"Sports Store"
760,"Central Europe",6017,90018,"Belgium",7244,1644,"Vitasport",5723,20776,"Bruxelles",8,"Sports Store"
760,"Central Europe",6017,90018,"Belgium",7245,1645,"Le campeur",5724,20777,"Bruxelles",6,"Outdoors Shop"
760,"Central Europe",6009,90017,"United Kingdom",7221,1621,"Total Sports",5725,20778,"London",8,"Sports Store"
710,"Americas",1003,90001,"United States",7246,1646,"Jackson Sporting Goods",5726,20779,"Seattle",8,"Sports Store"
710,"Americas",1003,90001,"United States",7247,1647,"Sport Supply",5727,20780,"Seattle",8,"Sports Store"
710,"Americas",1003,90001,"United States",7248,1648,"Champs",5728,20781,"Seattle",8,"Sports Store"
710,"Americas",1003,90001,"United States",7024,1424,"The Sport Pros",5729,20782,"Seattle",8,"Sports Store"
710,"Americas",1003,90001,"United States",7024,1424,"The Sport Pros",5730,20783,"Seattle",8,"Sports Store"
710,"Americas",1003,90001,"United States",7249,1649,"Golf Universe",5731,20784,"Seattle",1,"Golf Shop"
710,"Americas",1003,90001,"United States",7250,1650,"Barry's Discount Golf Shop",5732,20785,"Seattle",1,"Golf Shop"
710,"Americas",1003,90001,"United States",7251,1651,"Grapevine Golf",5733,20786,"Los Angeles",1,"Golf Shop"
710,"Americas",1003,90001,"United States",7252,1652,"Goldberg Golf & Tennis",5734,20787,"Los Angeles",1,"Golf Shop"
710,"Americas",1003,90001,"United States",7253,1653,"Sallinger's Power Golf",5735,20788,"Los Angeles",1,"Golf Shop"
710,"Americas",1004,90002,"Canada",7254,1654,"CanDepot",5736,20789,"Toronto",2,"Department Store"
710,"Americas",1004,90002,"Canada",7256,1656,"Sporting Goods",5737,20791,"Toronto",8,"Sports Store"
710,"Americas",1004,90002,"Canada",7257,1657,"Golf Etc",5738,20792,"Toronto",1,"Golf Shop"
710,"Americas",1004,90002,"Canada",7258,1658,"The Power Swing",5739,20793,"Toronto",1,"Golf Shop"
710,"Americas",1004,90002,"Canada",7259,1659,"Grapevive Golf",5740,20794,"Toronto",1,"Golf Shop"
750,"Northern Europe",5022,90013,"Finland",7260,1660,"Action Factory",5741,20795,"Kuopio",8,"Sports Store"
750,"Northern Europe",5022,90013,"Finland",7261,1661,"Silversport",5742,20796,"Kuopio",8,"Sports Store"
750,"Northern Europe",5022,90013,"Finland",7262,1662,"GoSportGo",5743,20797,"Kuopio",8,"Sports Store"
750,"Northern Europe",5022,90013,"Finland",7263,1663,"Sport Planet",5744,20798,"Kuopio",8,"Sports Store"
750,"Northern Europe",5022,90013,"Finland",7264,1664,"Hallman Sports",5745,20799,"Kuopio",8,"Sports Store"
750,"Northern Europe",5022,90013,"Finland",7265,1665,"Ulkopuolella",5746,20800,"Kuopio",6,"Outdoors Shop"
750,"Northern Europe",5022,90013,"Finland",7266,1666,"Ulkosalla",5747,20801,"Kuopio",6,"Outdoors Shop"
740,"Asia Pacific",4011,90005,"Japan",7267,1667,"Shinbashi sports store",5748,20802,"Tokyo",6,"Outdoors Shop"
740,"Asia Pacific",4011,90005,"Japan",7268,1668,"South Yodogawa sports",5749,20803,"Tokyo",6,"Outdoors Shop"
740,"Asia Pacific",4011,90005,"Japan",7269,1669,"Super National Co. Ltd.",5750,20804,"Tokyo",6,"Outdoors Shop"
760,"Central Europe",6009,90017,"United Kingdom",7270,1670,"Sports Scene",5751,20805,"Birmingham",8,"Sports Store"
760,"Central Europe",6009,90017,"United Kingdom",7271,1671,"JV Sports",5752,20806,"Birmingham",8,"Sports Store"
760,"Central Europe",6009,90017,"United Kingdom",7272,1672,"Ike's Sports and Leisure",5753,20807,"Birmingham",8,"Sports Store"
760,"Central Europe",6009,90017,"United Kingdom",7273,1673,"Fitworld",5754,20808,"Birmingham",8,"Sports Store"
760,"Central Europe",6009,90017,"United Kingdom",7274,1674,"Up and Running",5755,20809,"Birmingham",8,"Sports Store"
740,"Asia Pacific",4014,90008,"China",7275,1675,"Shanghai first sporting goods shopping center",5756,20810,"Shanghai",8,"Sports Store"
740,"Asia Pacific",4014,90008,"China",7276,1676,"Pudong campaign commercial goods Monopoly",5757,20811,"Shanghai",8,"Sports Store"
740,"Asia Pacific",4014,90008,"China",7277,1677,"Nike sports goods boutique",5758,20812,"Shanghai",8,"Sports Store"
740,"Asia Pacific",4014,90008,"China",7278,1678,"Shanghai Ruiyu fitness leisure Ltd.",5759,20813,"Shanghai",8,"Sports Store"
740,"Asia Pacific",4014,90008,"China",7279,1679,"Kennex sporting goods Co. Ltd.",5760,20814,"Shanghai",8,"Sports Store"
740,"Asia Pacific",4014,90008,"China",7280,1680,"Double happiness sports store",5761,20815,"Shanghai",8,"Sports Store"
740,"Asia Pacific",4014,90008,"China",7281,1681,"Dekalb Avignon (Shanghai) sporting goods Co. Ltd.",5762,20816,"Shanghai",8,"Sports Store"
740,"Asia Pacific",4014,90008,"China",7282,1682,"Shanghai Shengqing outdoors Company",5763,20817,"Shanghai",6,"Outdoors Shop"
740,"Asia Pacific",4014,90008,"China",7283,1683,"Maoyu outdoors shop",5764,20818,"Shanghai",6,"Outdoors Shop"
740,"Asia Pacific",4014,90008,"China",7284,1684,"Buruilin outdoor leisure Club",5765,20819,"Shanghai",6,"Outdoors Shop"
740,"Asia Pacific",4014,90008,"China",7285,1685,"Tiankong outdoors shop",5766,20820,"Shanghai",6,"Outdoors Shop"
740,"Asia Pacific",4014,90008,"China",7286,1686,"Shanghai Theis golf goods Co. Ltd.",5767,20821,"Shanghai",1,"Golf Shop"
740,"Asia Pacific",4014,90008,"China",7287,1687,"Baicida golf products development Ltd.",5768,20822,"Shanghai",1,"Golf Shop"
740,"Asia Pacific",4014,90008,"China",7288,1688,"Benjian golf stores",5769,20823,"Shanghai",1,"Golf Shop"
740,"Asia Pacific",4014,90008,"China",7289,1689,"Changqing golf stores",5770,20824,"Shanghai",1,"Golf Shop"
740,"Asia Pacific",4014,90008,"China",7290,1690,"Shanghai international outdoors Monopoly",5771,20825,"Shanghai",6,"Outdoors Shop"
740,"Asia Pacific",4014,90008,"China",7291,1691,"Shanghai Jianhua camping supplies shop",5772,20826,"Shanghai",6,"Outdoors Shop"
740,"Asia Pacific",4012,90006,"Singapore",7292,1692,"Nanyang outdoors equipment",5773,20827,"Singapore",6,"Outdoors Shop"
740,"Asia Pacific",4012,90006,"Singapore",7293,1693,"Sentosa group shop",5774,20828,"Singapore",6,"Outdoors Shop"
740,"Asia Pacific",4012,90006,"Singapore",7294,1694,"Niaojie Characteristics supplies",5775,20829,"Singapore",6,"Outdoors Shop"
740,"Asia Pacific",4012,90006,"Singapore",7295,1695,"Tingyu Pavilion",5776,20830,"Singapore",6,"Outdoors Shop"
740,"Asia Pacific",4012,90006,"Singapore",7296,1696,"Nanhe travel Co. Ltd.",5777,20831,"Singapore",6,"Outdoors Shop"
740,"Asia Pacific",4012,90006,"Singapore",7297,1697,"Metro department store",5778,20832,"Singapore",2,"Department Store"
740,"Asia Pacific",4012,90006,"Singapore",7298,1698,"Shi Ja Dong Co. Ltd.",5779,20833,"Singapore",2,"Department Store"
770,"Southern Europe",7006,90020,"Italy",7299,1699,"Marco & Figli",5780,20834,"Milan",1,"Golf Shop"
770,"Southern Europe",7006,90020,"Italy",7300,1700,"Deposito di golf",5781,20835,"Milan",1,"Golf Shop"
770,"Southern Europe",7006,90020,"Italy",7301,1701,"Randello",5782,20836,"Milan",1,"Golf Shop"
770,"Southern Europe",7006,90020,"Italy",7302,1702,"Gammamoto",5783,20837,"Milan",6,"Outdoors Shop"
770,"Southern Europe",7006,90020,"Italy",7303,1703,"Sulla montagna",5784,20838,"Milan",6,"Outdoors Shop"
770,"Southern Europe",7006,90020,"Italy",7304,1704,"Accapamento",5785,20839,"Milan",6,"Outdoors Shop"
770,"Southern Europe",7006,90020,"Italy",7305,1705,"All'aperto esperienza",5786,20840,"Milan",6,"Outdoors Shop"
760,"Central Europe",6001,90014,"France",7307,1707,"Univers extérieur",5787,20842,"Paris",6,"Outdoors Shop"
760,"Central Europe",6001,90014,"France",7308,1708,"Air frais",5788,20843,"Paris",6,"Outdoors Shop"
770,"Southern Europe",7005,90019,"Austria",7309,1709,"Euro-Kaufhaus",5789,20844,"Wien",8,"Sports Store"
770,"Southern Europe",7005,90019,"Austria",7310,1710,"Galeria Sport",5790,20845,"Wien",8,"Sports Store"
770,"Southern Europe",7005,90019,"Austria",7311,1711,"Aktive Markt",5791,20846,"Wien",8,"Sports Store"
770,"Southern Europe",7005,90019,"Austria",7312,1712,"Unternehmungslustig",5792,20847,"Wien",8,"Sports Store"
770,"Southern Europe",7005,90019,"Austria",7313,1713,"Golfverein",5793,20848,"Wien",1,"Golf Shop"
770,"Southern Europe",7005,90019,"Austria",7314,1714,"Golfausrüstung",5794,20849,"Wien",1,"Golf Shop"
740,"Asia Pacific",4011,90005,"Japan",7315,1715,"Roadrunners store",5795,20850,"Osaka City",6,"Outdoors Shop"
740,"Asia Pacific",4011,90005,"Japan",7316,1716,"Metropolis",5796,20851,"Osaka City",6,"Outdoors Shop"
740,"Asia Pacific",4011,90005,"Japan",7317,1717,"Sports & Outdoors",5797,20852,"Osaka City",6,"Outdoors Shop"
740,"Asia Pacific",4011,90005,"Japan",7318,1718,"1 for 1 Sports shop",5798,20853,"Osaka City",6,"Outdoors Shop"
740,"Asia Pacific",4011,90005,"Japan",7319,1719,"ICI Umeda Campaign store",5799,20854,"Osaka City",6,"Outdoors Shop"
740,"Asia Pacific",4011,90005,"Japan",7320,1720,"Blizzard super outdoors Japan Inc.",5800,20855,"Osaka City",6,"Outdoors Shop"
740,"Asia Pacific",4011,90005,"Japan",7322,1722,"Alpine gallary sports",5801,20857,"Osaka City",8,"Sports Store"
740,"Asia Pacific",4011,90005,"Japan",7323,1723,"Nanba Walk sporting goods Co. Ltd.",5802,20858,"Osaka City",8,"Sports Store"
740,"Asia Pacific",4011,90005,"Japan",7324,1724,"Mikami Co. Ltd.,  Osaka",5803,20859,"Osaka City",8,"Sports Store"
740,"Asia Pacific",4011,90005,"Japan",7325,1725,"B&D Yodoyabashi adhoc store",5804,20860,"Osaka City",8,"Sports Store"
740,"Asia Pacific",4011,90005,"Japan",7326,1726,"Love Sports Nanba store",5805,20861,"Osaka City",8,"Sports Store"
710,"Americas",1003,90001,"United States",7328,1728,"Island Sports",5806,20863,"Miami",8,"Sports Store"
710,"Americas",1003,90001,"United States",7330,1730,"Sport Basement",5807,20865,"Miami",8,"Sports Store"
710,"Americas",1003,90001,"United States",7331,1731,"Backcountry Discovery",5808,20866,"Miami",6,"Outdoors Shop"
710,"Americas",1003,90001,"United States",7332,1732,"Wilderness Gear",5809,20867,"Miami",6,"Outdoors Shop"
710,"Americas",1003,90001,"United States",7333,1733,"Backpacking and Mountaineering",5810,20868,"Miami",6,"Outdoors Shop"
760,"Central Europe",6001,90014,"France",7334,1734,"Amisport",5811,20869,"Lyon",6,"Outdoors Shop"
760,"Central Europe",6001,90014,"France",7335,1735,"Air marin",5812,20870,"Lyon",6,"Outdoors Shop"
760,"Central Europe",6001,90014,"France",7336,1736,"Amis de montagne",5813,20871,"Lyon",6,"Outdoors Shop"
760,"Central Europe",6001,90014,"France",7337,1737,"Équipement campant",5814,20872,"Lyon",6,"Outdoors Shop"
760,"Central Europe",6001,90014,"France",7338,1738,"Galerie Sport",5815,20873,"Lyon",8,"Sports Store"
760,"Central Europe",6001,90014,"France",7339,1739,"Monde de sport",5816,20874,"Lyon",8,"Sports Store"
760,"Central Europe",6001,90014,"France",7340,1740,"Jeunesse active",5817,20875,"Lyon",8,"Sports Store"
760,"Central Europe",6001,90014,"France",7341,1741,"Golf Plaza",5818,20876,"Lyon",1,"Golf Shop"
760,"Central Europe",6001,90014,"France",7342,1742,"Golf Plus",5819,20877,"Lyon",1,"Golf Shop"
770,"Southern Europe",7019,90021,"Spain",7343,1743,"Sport Gestion",5820,20878,"Bilbao",8,"Sports Store"
770,"Southern Europe",7019,90021,"Spain",7344,1744,"Objetivo Sport",5821,20879,"Bilbao",8,"Sports Store"
770,"Southern Europe",7019,90021,"Spain",7345,1745,"Bazar Sport",5822,20880,"Bilbao",8,"Sports Store"
770,"Southern Europe",7019,90021,"Spain",7346,1746,"Mundo del deporte",5823,20881,"Bilbao",8,"Sports Store"
770,"Southern Europe",7019,90021,"Spain",7347,1747,"Universo del deporte",5824,20882,"Bilbao",8,"Sports Store"
770,"Southern Europe",7019,90021,"Spain",7348,1748,"Equipo del deporte",5825,20883,"Bilbao",8,"Sports Store"
760,"Central Europe",6001,90014,"France",7349,1749,"Conception française",5826,20884,"Lyon",2,"Department Store"
710,"Americas",1003,90001,"United States",7350,1750,"Optical Vision",5827,20885,"Seattle",7,"Eyewear Store"
710,"Americas",1003,90001,"United States",7351,1751,"4 Your Eyes",5828,20886,"Seattle",7,"Eyewear Store"
710,"Americas",1003,90001,"United States",7352,1752,"New Vision",5829,20887,"Seattle",3,"Direct Marketing"
760,"Central Europe",6009,90017,"United Kingdom",7353,1753,"Stock & Save",5830,20888,"London",4,"Warehouse Store"
760,"Central Europe",6009,90017,"United Kingdom",7354,1754,"The Liquidators",5831,20889,"London",4,"Warehouse Store"
710,"Americas",1003,90001,"United States",7355,1755,"Vista Group",5832,20890,"Miami",3,"Direct Marketing"
760,"Central Europe",6001,90014,"France",7356,1756,"Salon optique",5833,20891,"Paris",7,"Eyewear Store"
740,"Asia Pacific",4012,90006,"Singapore",7357,1757,"Niu Che Shui Commercial",5834,20892,"Singapore",6,"Outdoors Shop"
740,"Asia Pacific",4012,90006,"Singapore",7358,1758,"Wujie Guangchang equipment",5835,20893,"Singapore",6,"Outdoors Shop"
750,"Northern Europe",5007,90010,"Netherlands",7359,1759,"Optiek Benelux",5836,20894,"Amsterdam",7,"Eyewear Store"
710,"Americas",1021,90004,"Brazil",7360,1760,"Ar fresco",5837,20895,"Sao Paulo",6,"Outdoors Shop"
710,"Americas",1021,90004,"Brazil",7361,1761,"Universo Acampando",5838,20896,"Sao Paulo",6,"Outdoors Shop"
710,"Americas",1021,90004,"Brazil",7362,1762,"Ao ar livre",5839,20897,"Sao Paulo",6,"Outdoors Shop"
710,"Americas",1021,90004,"Brazil",7363,1763,"Galáxia do esporte",5840,20898,"Sao Paulo",8,"Sports Store"
710,"Americas",1021,90004,"Brazil",7364,1764,"Mundo saudável",5841,20899,"Sao Paulo",8,"Sports Store"
710,"Americas",1021,90004,"Brazil",7365,1765,"Armazém do esporte",5842,20900,"Sao Paulo",8,"Sports Store"
710,"Americas",1021,90004,"Brazil",7366,1766,"Palácio do esporte",5843,20901,"Sao Paulo",8,"Sports Store"
760,"Central Europe",6009,90017,"United Kingdom",7367,1767,"Golf Town",5844,20902,"London",1,"Golf Shop"
760,"Central Europe",6009,90017,"United Kingdom",7368,1768,"Golf Exchange",5845,20903,"Birmingham",1,"Golf Shop"
760,"Central Europe",6008,90016,"Switzerland",7369,1769,"Meister",5846,20904,"Zurich",8,"Sports Store"
760,"Central Europe",6008,90016,"Switzerland",7370,1770,"Sportuniversum",5847,20905,"Zurich",8,"Sports Store"
